/*
SQLyog Ultimate v10.42 
MySQL - 5.5.41-log : Database - pearl
*********************************************************************
*/

/*!40101 SET NAMES utf8 */;

/*!40101 SET SQL_MODE=''*/;

/*!40014 SET @OLD_UNIQUE_CHECKS=@@UNIQUE_CHECKS, UNIQUE_CHECKS=0 */;
/*!40014 SET @OLD_FOREIGN_KEY_CHECKS=@@FOREIGN_KEY_CHECKS, FOREIGN_KEY_CHECKS=0 */;
/*!40101 SET @OLD_SQL_MODE=@@SQL_MODE, SQL_MODE='NO_AUTO_VALUE_ON_ZERO' */;
/*!40111 SET @OLD_SQL_NOTES=@@SQL_NOTES, SQL_NOTES=0 */;
/*Table structure for table `clients` */

DROP TABLE IF EXISTS `clients`;

CREATE TABLE `clients` (
  `id` int(11) NOT NULL AUTO_INCREMENT,
  `firstName` varchar(255) NOT NULL,
  `secondName` varchar(255) NOT NULL,
  `thirdName` varchar(255) NOT NULL,
  `phone` varchar(255) NOT NULL,
  `phoneHome` varchar(255) NOT NULL,
  `fullName` varchar(255) NOT NULL,
  `address` varchar(255) NOT NULL,
  PRIMARY KEY (`id`),
  KEY `phone` (`phone`),
  KEY `firstName` (`firstName`),
  KEY `secondName` (`secondName`),
  KEY `thirdName` (`thirdName`),
  KEY `fullName` (`fullName`)
) ENGINE=InnoDB AUTO_INCREMENT=1579 DEFAULT CHARSET=utf8;

/*Data for the table `clients` */

insert  into `clients`(`id`,`firstName`,`secondName`,`thirdName`,`phone`,`phoneHome`,`fullName`,`address`) values (336,'Милосердова ','Юлия','Сергеевна','+7 (920) 574-08-47','123','Милосердова  Юлия Сергеевна','123'),(337,'Солонец','Юлия','Владимировна','+7 (910) 328-06-15','','Солонец Юлия Владимировна',''),(338,'Устинов','Иван','Валерьевич','+7 (910) 320-95-25','','Устинов Иван Валерьевич',''),(339,'Чекмазов','Владислав','Сергеевич','+7 (980) 391-88-85','','Чекмазов Владислав Сергеевич',''),(340,'Глуховченко','Алексей','Федорович','+7 (980) 376-19-92','','Глуховченко Алексей Федорович',''),(341,'Проскурина','Елена','Ивановна','+7 (951) 766-56-08','','Проскурина Елена Ивановна',''),(342,'Удовик','Анатолий','Дмитриевич','','46-08-29','Удовик Анатолий Дмитриевич',''),(343,'Разумов','Алексей','Юрьевич','+7 (904) 097-02-77','','Разумов Алексей Юрьевич',''),(344,'Черницкий','Дмитрий','Андреевич','+7 (951) 150-11-50','','Черницкий Дмитрий Андреевич',''),(345,'Петрова','Екатерина','Николаевна','+7 (905) 671-39-07','','Петрова Екатерина Николаевна',''),(346,'Шаталов','Сергей','Васильевич','+7 (951) 767-61-41','','Шаталов Сергей Васильевич',''),(347,'Моисеева','Ольга','Владимировна','+7 (920) 714-10-78','','Моисеева Ольга Владимировна',''),(348,'Кузнецов','Владимир','Васильевич','+7 (919) 229-47-01','','Кузнецов Владимир Васильевич',''),(349,'Козлова','Оксана','Николаевна','+7 (905) 173-80-04','','Козлова Оксана Николаевна',''),(350,'Генова','Лариса','Леонидовна','+7 (910) 328-73-59','','Генова Лариса Леонидовна',''),(351,'Алесич','Елена','Викторовна','+7 (951) 769-17-65','','Алесич Елена Викторовна',''),(353,'Плотникова','Ольга','Ивановна','+7 (908) 781-93-54','','Плотникова Ольга Ивановна',''),(354,'Адамова','Нина','Антоновна','+7 (980) 320-95-25','','Адамова Нина Антоновна',''),(355,'Стеблянская','Вера','Владимировна','+7 (903) 886-47-40','','Стеблянская Вера Владимировна',''),(356,'Бережная','Юлия','Викторовна','+7 (920) 550-90-81','','Бережная Юлия Викторовна',''),(357,'Чернева','Галина','Владимировна','+7 (961) 172-26-23','','Чернева Галина Владимировна',''),(358,'Тищенкова','Лидия','Федоровна','+7 (910) 322-32-85','','Тищенкова Лидия Федоровна',''),(359,'Сапрыкин','Андрей','Васильевич','+7 (920) 209-37-14','','Сапрыкин Андрей Васильевич',''),(360,'Дремов','Александр','Юрьевич','+7 (950) 717-70-48','','Дремов Александр Юрьевич',''),(361,'Вертиева','Людмила','Николаевна','+7 (915) 566-84-53','','Вертиева Людмила Николаевна',''),(362,'Гребенкин','Николай','Николаевич','+7 (920) 597-57-22','','Гребенкин Николай Николаевич',''),(363,'Зыкова','Юлия','Владимировна','+7 (903) 642-76-70','','Зыкова Юлия Владимировна',''),(364,'Федянина','Елена','Хайдаровна','+7 (920) 562-37-46','','Федянина Елена Хайдаровна',''),(365,'Крюков','Андрей','Валерьевич','+7 (913) 525-36-64','','Крюков Андрей Валерьевич',''),(366,'Скорых','Екатерина','Леонидовна','+7 (919) 432-57-93','','Скорых Екатерина Леонидовна',''),(367,'Шипилов','Александр','Иванович','+7 (960) 621-77-15','','Шипилов Александр Иванович',''),(368,'Халтурина','Татьяна','Александровна','+7 (910) 328-94-16','','Халтурина Татьяна Александровна',''),(369,'Калинина','Галина','Ивановна','+7 (980) 324-22-81','','Калинина Галина Ивановна',''),(370,'ООО \"ТК Актив Черноземья\"','.','.','','42-05-00','ООО \"ТК Актив Черноземья\" . .',''),(371,'Боев','Евгений','Сергеевич','+7 (910) 322-15-65','','Боев Евгений Сергеевич',''),(372,'Будянская','Зинаида','Анатольевна','+7 (910) 327-66-86','','Будянская Зинаида Анатольевна',''),(373,'Капустина','Татьяна','Александровна','+7 (951) 768-35-42','','Капустина Татьяна Александровна',''),(374,'Гринь','Елена','Александровна','+7 (903) 870-98-82','','Гринь Елена Александровна',''),(375,'Маматова','Виктория','Викторовна','+7 (920) 580-11-38','','Маматова Виктория Викторовна',''),(376,'Васильев','Ярослав','Александрович','+7 (920) 553-98-70','','Васильев Ярослав Александрович',''),(377,'Баркалова','Ангелина','Валерьевна','+7 (910) 741-32-31','','Баркалова Ангелина Валерьевна',''),(378,'Сатина','Светлана','Александровна','+7 (950) 718-48-85','','Сатина Светлана Александровна',''),(379,'Халеева','Алина','Петровна','+7 (903) 885-90-85','','Халеева Алина Петровна',''),(380,'Соболев','Иван','Юрьевич','+7 (952) 432-55-42','','Соболев Иван Юрьевич',''),(381,'Рябова','Наталия','Александровна','+7 (919) 433-86-06','','Рябова Наталия Александровна',''),(382,'Малахова','Ольга','Дмитриевна','+7 (951) 137-34-34','','Малахова Ольга Дмитриевна',''),(383,'Рязанцев','Валерий','Петрович','+7 (904) 538-41-43','','Рязанцев Валерий Петрович',''),(384,'Пономарева','Наталья','Николаевна','+7 (951) 141-77-55','','Пономарева Наталья Николаевна',''),(385,'Кондратенко','Юрий','Вячеславович','+7 (910) 366-00-19','','Кондратенко Юрий Вячеславович',''),(386,'Гусева','Марина','Леонидовна','+7 (910) 736-91-97','','Гусева Марина Леонидовна',''),(387,'Золотарева','Наталья','Сергеевна','+7 (908) 787-19-86','','Золотарева Наталья Сергеевна',''),(388,'Золотарева','Наталья','Сергеевна','+7 (908) 787-19-86','','Золотарева Наталья Сергеевна',''),(389,'Иващенко','Дмитрий','Игоревич','','','Иващенко Дмитрий Игоревич',''),(390,'Михалева','Марина','Нодаровна','+7 (920) 537-62-40','','Михалева Марина Нодаровна',''),(391,'Богомолова','Диана','Владимировна','+7 (904) 086-23-76','','Богомолова Диана Владимировна',''),(392,'Апатенко','Марина','Олеговна','+7 (910) 328-98-75','','Апатенко Марина Олеговна',''),(393,'Панченко','Антон','Олегович','+7 (929) 001-96-63','','Панченко Антон Олегович',''),(394,'Петров','Алексей','Алексеевич','+7 (919) 437-12-09','','Петров Алексей Алексеевич',''),(395,'Ващук','Ирина','Васильевна','+7 (910) 327-45-27','','Ващук Ирина Васильевна',''),(396,'Капустина','Татьяна','Михайловна','+7 (951) 137-21-97','','Капустина Татьяна Михайловна',''),(397,'Переверзева','Надежда','Георгиевна','+7 (903) 642-23-42','','Переверзева Надежда Георгиевна',''),(398,'Седень','Зинаида','Николаевна','+7 (904) 539-69-74','','Седень Зинаида Николаевна',''),(399,'Сухачева','Валентина','Александровна','+7 (904) 538-92-16','','Сухачева Валентина Александровна',''),(400,'Фоминых','Татьяна','Николаевна','+7 (929) 005-16-86','','Фоминых Татьяна Николаевна',''),(401,'Рудаков','Анатолий','Михайлович','','-----','Рудаков Анатолий Михайлович',''),(402,'Евсеева','Г','П','+7 (961) 165-71-19','','Евсеева Г П',''),(403,'Ансимов','Олег','Иванович','+7 (910) 369-16-21','','Ансимов Олег Иванович',''),(404,'Димитренко','Ирина','Анатольевна','+7 (952) 423-54-37','','Димитренко Ирина Анатольевна',''),(405,'Логачев','Валентин','Иванович','+7 (905) 673-46-62','','Логачев Валентин Иванович',''),(406,'Горлова','Светлана','Николаевна','+7 (910) 324-64-06','','Горлова Светлана Николаевна',''),(407,'Устинова','Ольга','Андреевна','+7 (915) 526-56-69','','Устинова Ольга Андреевна',''),(408,'Заболева','Ирина','Владимировна','+7 (910) 327-65-27','','Заболева Ирина Владимировна',''),(409,'Андриевский','Артур','Олегович','+7 (919) 220-02-86','','Андриевский Артур Олегович',''),(410,'Андриевский','Артур','Олегович','+7 (919) 220-28-64','','Андриевский Артур Олегович',''),(411,'Ладеева','Ольга','Викторовна','+7 (908) 785-20-49','','Ладеева Ольга Викторовна',''),(412,'Зубова','Светлана','Леонидовна','','33-88-22','Зубова Светлана Леонидовна',''),(413,'Меньшиков','Александр','Павлович','+7 (951) 761-84-11','','Меньшиков Александр Павлович',''),(414,'Замораев','Артем','Юрьевич','+7 (951) 140-66-68','','Замораев Артем Юрьевич',''),(415,'Васильчикова','Наталья','Викторовна','+7 (919) 287-09-96','','Васильчикова Наталья Викторовна',''),(416,'Козина','Галина','Сергеевна','+7 (909) 202-35-53','','Козина Галина Сергеевна',''),(417,'Кочкина','Ольга','Юрьевна','+7 (980) 329-10-19','','Кочкина Ольга Юрьевна',''),(418,'Дауренбекова','Юлия','Николаевна','+7 (909) 209-25-54','','Дауренбекова Юлия Николаевна',''),(419,'Шамыгина','Валерия','Валерьевна','+7 (919) 439-36-41','','Шамыгина Валерия Валерьевна',''),(420,'Клыков','Алексей','Скргеевич','+7 (903) 886-75-55','','Клыков Алексей Скргеевич',''),(421,'Козлова','Оксана','Николаевна','+7 (905) 173-80-04','','Козлова Оксана Николаевна',''),(422,'Шатохин','Олег','Николаевич','+7 (910) 741-04-14','','Шатохин Олег Николаевич',''),(423,'Федоров','Сергей','Викторович','+7 (905) 040-00-20','','Федоров Сергей Викторович',''),(424,'Федоров','Сергей','Викторович','+7 (905) 040-00-20','','Федоров Сергей Викторович',''),(425,'Сергеенко','Василий','Иванович','+7 (915) 565-37-15','','Сергеенко Василий Иванович',''),(426,'Алябьев','Андрей','Вячеславович','+7 (960) 634-33-39','','Алябьев Андрей Вячеславович',''),(427,'Мухина','Светлана','Ивановна','+7 (915) 529-76-52','','Мухина Светлана Ивановна',''),(428,'Медведев','Роман','Викторович','+7 (904) 098-10-15','','Медведев Роман Викторович',''),(429,'Агеева','Аксана','Васильевна','+7 (915) 566-07-53','','Агеева Аксана Васильевна',''),(430,'Боев','Геннадий','Викторович','+7 (920) 561-66-50','','Боев Геннадий Викторович',''),(431,'Сахновская','Марианна','Александровна','+7 (910) 360-96-06','','Сахновская Марианна Александровна',''),(432,'Эрастова','Елена','Анатольевна','+7 (910) 221-47-50','','Эрастова Елена Анатольевна',''),(433,'Мыздрекоа','Елена','Валерьянова','+7 (910) 326-13-77','','Мыздрекоа Елена Валерьянова',''),(434,'Гридина','Алина','Анатольевна','+7 (910) 321-64-65','','Гридина Алина Анатольевна',''),(435,'Сидоров','Валерий','Петрович','','-','Сидоров Валерий Петрович',''),(436,'Кравец','Ирина','Дмитриевна','+7 (909) 206-99-56','','Кравец Ирина Дмитриевна',''),(437,'Быкова','Наталья','Сергеевна','+7 (905) 675-85-73','','Быкова Наталья Сергеевна',''),(438,'Батищева','Елена','Васильевна','+7 (904) 085-45-33','','Батищева Елена Васильевна',''),(439,'Свиридова','Софья','Викторовна','+7 (904) 093-62-09','','Свиридова Софья Викторовна',''),(440,'Диденко','Инна','Николаевна','+7 (910) 224-66-84','','Диденко Инна Николаевна',''),(441,'Иванова','Анжелика','Владимировна','+7 (904) 535-42-06','','Иванова Анжелика Владимировна',''),(442,'Горохова','Екатерина','Вячеславовна','+7 (951) 765-24-97','','Горохова Екатерина Вячеславовна',''),(443,'Лысцева','Татьяна','Аркадьевна','+7 (951) 145-99-21','','Лысцева Татьяна Аркадьевна',''),(445,'Курзяков','Дмитрий','Борисович','+7 (904) 539-30-00','','Курзяков Дмитрий Борисович',''),(446,'Билибина','Елена','Тимофеевна','+7 (904) 539-00-88','','Билибина Елена Тимофеевна',''),(447,'Вострикова','Наталья','Николаевна','+7 (905) 675-82-76','','Вострикова Наталья Николаевна',''),(448,'Дурнева','Виктория','Геннадьевна','+7 (910) 369-78-08','','Дурнева Виктория Геннадьевна',''),(449,'Солдаткин','Алексей','Ильич','+7 (910) 369-14-37','','Солдаткин Алексей Ильич',''),(450,'Марченко','Артур','Владимирович','+7 (910) 365-66-51','','Марченко Артур Владимирович',''),(451,'Белянина','Лидия','Ивановна','+7 (920) 205-49-58','','Белянина Лидия Ивановна',''),(452,'Гончаров','Семен','Алексеевич','+7 (919) 228-24-48','','Гончаров Семен Алексеевич',''),(453,'Комарова','Галина','Николаевна','+7 (951) 152-35-32','','Комарова Галина Николаевна',''),(454,'Дрыга','Наталья','Александровна','+7 (910) 366-72-38','','Дрыга Наталья Александровна',''),(455,'Ровенских','Вячеслав','Николаевич','+7 (952) 439-67-07','','Ровенских Вячеслав Николаевич',''),(456,'Патай','Нина','Кирилловна','+7 (919) 227-64-53','','Патай Нина Кирилловна',''),(457,'Пехова','Лариса','Юрьевна','+7 (910) 229-26-18','','Пехова Лариса Юрьевна',''),(458,'Ухварова','Ирина','Юрьевна','+7 (961) 170-37-33','','Ухварова Ирина Юрьевна',''),(459,'Халтурина','Ольга','Александровна','+7 (910) 362-52-91','','Халтурина Ольга Александровна',''),(460,'Попов','Константин','Игоревич','+7 (999) 700-71-47','','Попов Константин Игоревич',''),(461,'Панченко','Александр','Александрович','+7 (906) 600-90-90','','Панченко Александр Александрович',''),(462,'Лютов','Игорь','Владимирович','+7 (951) 134-22-25','','Лютов Игорь Владимирович',''),(463,'Гаспарян','Светлана','Михайловна','+7 (920) 555-77-76','','Гаспарян Светлана Михайловна',''),(464,'Васильцова','Маргарита','Владимировна','+7 (910) 369-76-12','','Васильцова Маргарита Владимировна',''),(465,'Медведева','Людмила','Викторовна','+7 (920) 570-40-27','','Медведева Людмила Викторовна',''),(466,'Азизов','Рустам','Рафигович','+7 (920) 582-59-22','','Азизов Рустам Рафигович',''),(467,'Бирмакова','Светлана','Бахидбековна','+7 (920) 201-04-12','','Бирмакова Светлана Бахидбековна',''),(468,'Ряполов','Дмитрий','Алексеевич','+7 (910) 328-98-88','','Ряполов Дмитрий Алексеевич',''),(469,'Сумера','Наталья','Ивановна','+7 (919) 281-26-49','','Сумера Наталья Ивановна',''),(470,'Анпилова','Надежда','Ивановна','+7 (915) 563-28-68','','Анпилова Надежда Ивановна',''),(471,'Нестеров','Игорь','Иванович','+7 (904) 092-87-00','','Нестеров Игорь Иванович',''),(472,'Сорокин','Владимир','Николаевич','+7 (929) 000-57-57','','Сорокин Владимир Николаевич',''),(473,'Данилов','Сергей','Юрьевич','+7 (905) 172-70-07','','Данилов Сергей Юрьевич',''),(474,'Мясоедова','Елена','Сергеевна','+7 (951) 149-01-11','','Мясоедова Елена Сергеевна',''),(475,'Огнева','Надежда','Николаевна','+7 (919) 226-17-99','','Огнева Надежда Николаевна',''),(476,'Огнева','Надежда','Николаевна','+7 (919) 226-17-99','','Огнева Надежда Николаевна',''),(477,'Карасек','Валентина','Васильевна','+7 (951) 145-70-09','','Карасек Валентина Васильевна',''),(478,'Горшков','Дмитрий','Викторович','+7 (910) 228-97-17','','Горшков Дмитрий Викторович',''),(479,'Ладунов','Александр','Сергеевич','+7 (919) 435-65-22','','Ладунов Александр Сергеевич',''),(480,'Калинина','Ирина','Александровна','+7 (904) 097-09-70','','Калинина Ирина Александровна',''),(481,'Химин','Анна','Михайловна','+7 (950) 713-95-91','','Химин Анна Михайловна',''),(482,'Кравченко','Марина','Николаевна','+7 (951) 764-78-53','','Кравченко Марина Николаевна',''),(483,'Часовских','Наталья','Александровна','+7 (919) 287-96-92','','Часовских Наталья Александровна',''),(484,'Часовских','Наталья','Александровна','+7 (919) 287-96-92','','Часовских Наталья Александровна',''),(485,'Масалова','Ярослава','Алексеевна','+7 (905) 173-60-52','','Масалова Ярослава Алексеевна',''),(486,'Карасек','Валентина','Васильевна','+7 (951) 145-70-09','','Карасек Валентина Васильевна',''),(487,'Семыкин','Денис','Игоревич','+7 (920) 200-90-39','','Семыкин Денис Игоревич',''),(488,'Пурчел','Петр','Васильевич','','','Пурчел Петр Васильевич',''),(489,'Алтухова','Антонина','Сергеевна','+7 (980) 370-01-57','','Алтухова Антонина Сергеевна',''),(490,'Зинченко','Лариса','Валерьевна','+7 (904) 086-26-04','','Зинченко Лариса Валерьевна',''),(491,'Гальянд','Дмитрий','Георгиевич','+7 (951) 140-96-79','','Гальянд Дмитрий Георгиевич',''),(492,'Юдин','Ярослав','Владимирович','+7 (905) 170-66-68','','Юдин Ярослав Владимирович',''),(493,'Симонова','Людмила','Владимировна','+7 (919) 284-01-01','','Симонова Людмила Владимировна',''),(494,'OOO','ТК Актив','Черноземья','','420500','OOO ТК Актив Черноземья',''),(495,'Ишкова','Валентина','Сергеевна','+7 (908) 785-15-08','','Ишкова Валентина Сергеевна',''),(496,'Меньшикова','Таисия','Дмитриевна','+7 (951) 130-83-75','','Меньшикова Таисия Дмитриевна',''),(497,'Морковская','Анна','Николаевна','+7 (920) 561-10-10','','Морковская Анна Николаевна',''),(498,'Титова','Анна','Анатольевна','+7 (915) 569-00-01','','Титова Анна Анатольевна',''),(499,'Луговская','Светлана','Борисовна','+7 (962) 301-15-59','','Луговская Светлана Борисовна',''),(500,'Щербаченко','Светлана','Сергеевна','+7 (920) 561-42-11','','Щербаченко Светлана Сергеевна',''),(501,'Балану','Леонид','Григорьевич','+7 (910) 329-13-23','','Балану Леонид Григорьевич',''),(502,'Мальцева','Елена','Анатольевна','+7 (910) 367-59-81','','Мальцева Елена Анатольевна',''),(503,'Авдеев','Артём','Антонович','+7 (915) 578-20-60','','Авдеев Артём Антонович',''),(504,'Папирова','Татьяна','Владимировна','+7 (903) 871-67-40','','Папирова Татьяна Владимировна',''),(505,'Тищенко','Снежанна','Витальевна','+7 (980) 321-36-71','','Тищенко Снежанна Витальевна',''),(506,'Малахова','Олеся','Николаевна','+7 (910) 228-35-52','','Малахова Олеся Николаевна',''),(507,'Васильев','Ярослав','Александрович','+7 (920) 553-98-70','','Васильев Ярослав Александрович',''),(508,'Ермакова','Анна','Петровна','+7 (952) 431-79-34','','Ермакова Анна Петровна',''),(510,'Шабанова','Ирина ','Викторовна ','+7 (952) 435-71-32','','Шабанова Ирина  Викторовна ',''),(511,'Иваненко','Маргаритта','Андреевна ','+7 (910) 327-95-27','','Иваненко Маргаритта Андреевна ',''),(512,'Чернова','Галина','Владимировна','+7 (961) 172-26-23','','Чернова Галина Владимировна',''),(513,'Бондарчук','Ольга','Владимировна','+7 (920) 206-40-87','','Бондарчук Ольга Владимировна',''),(514,'Ефимова','Елена','Васильевна','+7 (910) 327-71-45','','Ефимова Елена Васильевна',''),(515,'Токмянина','Надежда','Васильевна','','48-81-19','Токмянина Надежда Васильевна',''),(516,'Репников','Николай','Иванович','+7 (905) 040-16-00','','Репников Николай Иванович',''),(517,'Красиков','Владимир','Иванович','+7 (908) 786-95-99','','Красиков Владимир Иванович',''),(518,'Нечаева','Тамара','Павловна','','32-70-86','Нечаева Тамара Павловна',''),(519,'Шалыгин','Андрей','Николаевич','+7 (910) 220-50-91','','Шалыгин Андрей Николаевич',''),(520,'Колесников','Сергей','Юрьевич','+7 (951) 762-01-06','','Колесников Сергей Юрьевич',''),(521,'Резцова','Елена','Николаевна','+7 (920) 574-40-48','','Резцова Елена Николаевна',''),(522,'Сапронова','Лариса','Петровна','+7 (920) 550-05-64','','Сапронова Лариса Петровна',''),(523,'Селютин','Андрей','Иванович','+7 (910) 327-81-88','','Селютин Андрей Иванович',''),(524,'Брянцева','Елена','Николаевна','+7 (910) 221-98-33','','Брянцева Елена Николаевна',''),(525,'Бганцов','Игорь','Викторович','+7 (919) 437-16-14','','Бганцов Игорь Викторович',''),(526,'Седая','Ирина','Владимировна','+7 (915) 571-14-29','','Седая Ирина Владимировна',''),(527,'Кузнецова','Анна','Ивановна','+7 (919) 436-77-12','','Кузнецова Анна Ивановна',''),(528,'Ануфриева','Наталья','Ивановна','','32-85-82','Ануфриева Наталья Ивановна',''),(529,'Пейхвассер','Алина','Владимировна','+7 (910) 320-60-45','','Пейхвассер Алина Владимировна',''),(530,'Ханжанкова','Марина','Васильевна','+7 (908) 789-29-32','','Ханжанкова Марина Васильевна',''),(531,'Кравченко','Марина','Николаевна','+7 (951) 764-78-53','','Кравченко Марина Николаевна',''),(532,'Пешкова','Светлана','Александровна','+7 (919) 431-89-11','','Пешкова Светлана Александровна',''),(533,'Шаколов','Евгений','Александрович','+7 (910) 367-67-53','','Шаколов Евгений Александрович',''),(534,'Сизых','Наталья','Олеговна','+7 (950) 719-61-58','','Сизых Наталья Олеговна',''),(535,'Горожанкин','Михаил','Геннадьевич','+7 (919) 220-17-21','','Горожанкин Михаил Геннадьевич',''),(536,'Старикова','Татьяна','Викторовна','+7 (920) 585-16-34','','Старикова Татьяна Викторовна',''),(537,'Котарев','Сергей','Анатольевич','+7 (910) 327-35-78','','Котарев Сергей Анатольевич',''),(538,'Певнева','Ольга','Олеговна','+7 (919) 283-97-77','','Певнева Ольга Олеговна',''),(539,'Кукинов','Алексей','Владимирович','+7 (951) 145-61-26','','Кукинов Алексей Владимирович',''),(540,'Понкратов','Василий','Николаевич','+7 (910) 327-77-30','','Понкратов Василий Николаевич',''),(541,'Гаевская','Валентина','Ивановна','+7 (919) 222-19-35','','Гаевская Валентина Ивановна',''),(543,'Бибаев','Родион','Вячеславович','','-','Бибаев Родион Вячеславович',''),(544,'Савинов','Никола','Егорович','+7 (910) 736-18-44','','Савинов Никола Егорович',''),(545,'Гончаров','Юрий','Михайлович','+7 (920) 563-91-95','','Гончаров Юрий Михайлович',''),(546,'Савинов','Евгений','Николаевич','+7 (920) 587-85-88','','Савинов Евгений Николаевич',''),(547,'Хлынина','Надежда','Алексеевна','+7 (915) 573-06-55','','Хлынина Надежда Алексеевна',''),(548,'Карамышева','Александра','Вячеславовна','','-','Карамышева Александра Вячеславовна',''),(549,'Дробыш','Валерий','Адамович','+7 (961) 163-79-60','','Дробыш Валерий Адамович',''),(550,'Хощенко','Галина','Васильевна','+7 (910) 363-25-27','','Хощенко Галина Васильевна',''),(551,'Бобриков','Николай','Николаевич','+7 (904) 098-55-74','','Бобриков Николай Николаевич',''),(552,'Мельник','Елена','Александровна','+7 (910) 745-76-16','','Мельник Елена Александровна',''),(553,'Натаров','Юрий','Владимирович','+7 (919) 433-99-88','','Натаров Юрий Владимирович',''),(554,'Мушинская','Светлана','Николаевна','+7 (904) 085-95-83','','Мушинская Светлана Николаевна',''),(555,'Бурминская','Марина','Николаевна','+7 (906) 605-06-12','','Бурминская Марина Николаевна',''),(556,'Мегесь','Ольга','Петровна','+7 (910) 741-22-29','','Мегесь Ольга Петровна',''),(557,'Семененко','Олег','Павлович','+7 (910) 736-28-70','','Семененко Олег Павлович',''),(558,'Евсюков','Евгений','Николаевич','+7 (910) 328-11-23','','Евсюков Евгений Николаевич',''),(559,'Илясов','Александр','Александрович','+7 (910) 741-75-77','','Илясов Александр Александрович',''),(560,'Горожанкина','Людмила','Михайловна','+7 (909) 217-16-38','','Горожанкина Людмила Михайловна',''),(561,'Плеханова','Наталья','Сергеевна','+7 (910) 328-63-37','','Плеханова Наталья Сергеевна',''),(562,'Сигарёв','Константин','Александрович','+7 (910) 362-66-56','','Сигарёв Константин Александрович',''),(563,'Смирнова','Екатерина','Викторовна','+7 (920) 594-37-43','','Смирнова Екатерина Викторовна',''),(564,'Труфанов','Михаил','Николаевич','+7 (960) 627-26-99','','Труфанов Михаил Николаевич',''),(565,'Гарбузов','Артём','Александрович','+7 (920) 201-26-70','','Гарбузов Артём Александрович',''),(566,'Карамышева','Людмила','Викторовна','+7 (915) 560-25-45','','Карамышева Людмила Викторовна',''),(567,'Спиридонова','Елена','Викторовна','+7 (904) 095-47-47','','Спиридонова Елена Викторовна',''),(568,'ООО \"Стойлянка\"','.','.','','24-10-07','ООО \"Стойлянка\" . .',''),(569,'Пряжникова','Ирина','Викторовна','+7 (904) 538-90-61','','Пряжникова Ирина Викторовна',''),(570,'Мяснянкин','Сергей','Васильевич','+7 (910) 328-67-80','','Мяснянкин Сергей Васильевич',''),(571,'Никитина','Эмма','Эдуардовна','+7 (915) 570-94-82','','Никитина Эмма Эдуардовна',''),(572,'Тюрина','Юлия','Васильевна','+7 (951) 153-71-42','','Тюрина Юлия Васильевна',''),(573,'Кофанова','Оксана','Юрьевна','+7 (910) 328-01-91','','Кофанова Оксана Юрьевна',''),(574,'Скалкин','Андрей','Викторович','+7 (916) 535-18-80','','Скалкин Андрей Викторович',''),(575,'Алиева','Заира','Ахмедовна','+7 (920) 553-51-01','','Алиева Заира Ахмедовна',''),(576,'Янковский','Евгений','Станиславович','+7 (920) 558-56-85','','Янковский Евгений Станиславович',''),(577,'Иванова','Нина','Сергеевна','+7 (908) 785-68-60','','Иванова Нина Сергеевна',''),(578,'Шатская','Наталья','Ивановна','+7 (951) 766-58-19','','Шатская Наталья Ивановна',''),(579,'Климчева','Клара','Петровна','+7 (951) 130-37-94','','Климчева Клара Петровна',''),(580,'Гринин','Константин','Юрьевич','+7 (951) 132-75-81','','Гринин Константин Юрьевич',''),(581,'Чуманова','Наталья','Ивановна','+7 (960) 639-13-03','','Чуманова Наталья Ивановна',''),(582,'Титянова','Валентина','Степановна','+7 (909) 205-51-63','','Титянова Валентина Степановна',''),(583,'Чуприн','Данила','Николаевич','+7 (906) 608-60-60','','Чуприн Данила Николаевич',''),(584,'Каракулина','Елена','Владимировна','+7 (908) 782-49-90','','Каракулина Елена Владимировна',''),(585,'Мазалов','Алексей','Юрьевич','+7 (904) 085-85-21','','Мазалов Алексей Юрьевич',''),(586,'Колесникова','Елена','Вадимовна','+7 (909) 201-69-60','','Колесникова Елена Вадимовна',''),(587,'Павлюкова','Раиса','.','+7 (952) 423-34-99','','Павлюкова Раиса .',''),(588,'Слесорева','Надежда','Дмитриевна','+7 (919) 433-44-44','','Слесорева Надежда Дмитриевна',''),(589,'Хорхордина','Анастасия','Алексеевна','+7 (950) 711-59-95','','Хорхордина Анастасия Алексеевна',''),(590,'Брыкали','Константин','Владимирович','+7 (906) 608-89-20','','Брыкали Константин Владимирович',''),(591,'Голият','Наталья','Ивановна','+7 (960) 636-92-77','','Голият Наталья Ивановна',''),(592,'Вершинин','Юрий','Сергеевич','+7 (910) 328-93-84','','Вершинин Юрий Сергеевич',''),(593,'Емельянова','Лидия','Ильинична','+7 (904) 537-07-39','','Емельянова Лидия Ильинична',''),(594,'Божонович','Оксана','Витальевна','+7 (910) 737-86-61','','Божонович Оксана Витальевна',''),(595,'Кутенков','Владимир','Иванович','+7 (952) 423-79-52','','Кутенков Владимир Иванович',''),(596,'Бабаринова','Жанна ','Николаевна ','+7 (910) 362-87-86','','Бабаринова Жанна  Николаевна ',''),(597,'Клочков ','Николай ','Георгиевич ','+7 (920) 581-99-34','','Клочков  Николай  Георгиевич ',''),(598,'Ануфриева','Наталья ','Ивановна ','+7 (951) 157-94-91','','Ануфриева Наталья  Ивановна ',''),(599,'Алесич','Константин ','Гордеевич ','+7 (905) 673-45-90','','Алесич Константин  Гордеевич ',''),(600,'Масалытина','Ольга','Дмитриевна','+7 (910) 226-01-76','','Масалытина Ольга Дмитриевна',''),(601,'Овчинников ','Олег','Викторович ','+7 (915) 579-81-59','','Овчинников  Олег Викторович ',''),(602,'Дорохина ','Татьяна ','Николаевна ','+7 (903) 642-96-11','','Дорохина  Татьяна  Николаевна ',''),(603,'Жидкомлинов ','Григорий ','Михайлович ','+7 (915) 565-96-64','','Жидкомлинов  Григорий  Михайлович ',''),(604,'Андреев','Андрей ','Вячеславович ','+7 (910) 328-43-02','','Андреев Андрей  Вячеславович ',''),(605,'Ясинский ','Александр ','Владимирович ','+7 (951) 133-49-79','','Ясинский  Александр  Владимирович ',''),(606,'Вяльцева','светлана','Михайловна','+7 (960) 620-86-39','','Вяльцева светлана Михайловна',''),(607,'Шевченко ','Наталья ','Игоревна ','+7 (915) 565-87-31','','Шевченко  Наталья  Игоревна ',''),(608,'Волобуева','Елена ','Сергеевна ','+7 (904) 080-59-51','','Волобуева Елена  Сергеевна ',''),(609,'Кучерявых ','Татьяна ','Александровна ','+7 (918) 677-39-10','','Кучерявых  Татьяна  Александровна ',''),(610,'Минченко ','Нина ','Петровна ','+7 (960) 625-47-86','','Минченко  Нина  Петровна ',''),(611,'Шипилова','Олеся','Вячеславовна','+7 (908) 783-19-97','','Шипилова Олеся Вячеславовна',''),(612,'Дурнева','Галина','Ивановна','+7 (920) 554-56-72','','Дурнева Галина Ивановна',''),(613,'Бредихина ','Татьяна ','Павловна ','+7 (952) 422-71-84','','Бредихина  Татьяна  Павловна ',''),(614,'Бершанская ','Оксана ','Леонидовна ','+7 (910) 364-04-08','','Бершанская  Оксана  Леонидовна ',''),(615,'Вавилова ','Валентина ','Владимировна ','+7 (909) 209-50-94','','Вавилова  Валентина  Владимировна ',''),(616,'Лахина ','Наталья ','Олеговна ','+7 (910) 223-94-67','','Лахина  Наталья  Олеговна ',''),(617,'Селезнёва ','Юлия ','Генадьевна ','+7 (910) 741-00-46','','Селезнёва  Юлия  Генадьевна ',''),(618,'Селезнёва ','Юлия ','Генадьевна ','+7 (910) 741-00-46','','Селезнёва  Юлия  Генадьевна ',''),(619,'Чижова','Юлия ','Александровна ','+7 (952) 438-49-30','','Чижова Юлия  Александровна ',''),(620,'Гранкина ','Оксана','Викторовна ','+7 (915) 527-52-40','','Гранкина  Оксана Викторовна ',''),(621,'Шевцова','Ирина','Викторовна','+7 (950) 713-80-84','','Шевцова Ирина Викторовна',''),(622,'Лосев','Борис ','Иванович ','+7 (905) 679-38-96','','Лосев Борис  Иванович ',''),(623,'Спасенко','Виктория ','Николаевна','+7 (915) 579-15-14','','Спасенко Виктория  Николаевна',''),(624,'Довгань ','Ольга ','Вячеславовна','+7 (915) 566-21-18','','Довгань  Ольга  Вячеславовна',''),(625,'Мироненко','Ян','Владиславович ','+7 (904) 538-27-13','','Мироненко Ян Владиславович ',''),(626,'Мироненко','Ян','Владиславович ','+7 (920) 597-85-79','','Мироненко Ян Владиславович ',''),(627,'Горшков ','Дмитрий','Викторович ','+7 (910) 228-97-17','','Горшков  Дмитрий Викторович ',''),(628,'Денисова','Елена ','Борисовна','+7 (980) 329-39-35','','Денисова Елена  Борисовна',''),(629,'Батищева ','Оксана','Вячеславовна','+7 (915) 565-92-24','','Батищева  Оксана Вячеславовна',''),(631,'Зазорин','Сергей ','Юрьевич ','+7 (951) 151-74-44','','Зазорин Сергей  Юрьевич ',''),(632,'Сивков','Анатолий','Сергеевич','+7 (952) 422-20-00','','Сивков Анатолий Сергеевич',''),(633,'Черницкий','Дмитрий','Андреевич','+7 (951) 151-11-50','','Черницкий Дмитрий Андреевич',''),(634,'Щербина','Елена ','Генадьевна','+7 (910) 327-60-20','','Щербина Елена  Генадьевна',''),(635,'Чайковская','Наталья','Вячеславовна','+7 (910) 328-91-90','','Чайковская Наталья Вячеславовна',''),(636,'Стариков','Дмитрий','Владимирович','+7 (920) 585-16-33','','Стариков Дмитрий Владимирович',''),(637,'Кожевников','Дмитрий','Николаевич','+7 (980) 370-11-15','','Кожевников Дмитрий Николаевич',''),(639,'Буракова','Жанна','Владимировна','+7 (952) 425-60-27','','Буракова Жанна Владимировна',''),(640,'Добринская','Татьяна','Юрьевна','+7 (905) 673-95-77','','Добринская Татьяна Юрьевна',''),(641,'Салдин','Радим','Владимирович','+7 (952) 424-31-42','','Салдин Радим Владимирович',''),(642,'Болотова','Лариса','Васильевна','+7 (960) 631-10-59','','Болотова Лариса Васильевна',''),(643,'Гринина','Елена','Петровна','+7 (961) 176-15-87','','Гринина Елена Петровна',''),(644,'Базарова','Ирина','Николаевна','+7 (908) 785-11-89','','Базарова Ирина Николаевна',''),(645,'Харламова','Ольга','Анатольевна','+7 (919) 437-38-33','','Харламова Ольга Анатольевна',''),(646,'Козлова','Марина','Сергеевна','+7 (960) 630-26-08','','Козлова Марина Сергеевна',''),(647,'Артемова','Наталья','Леонидовна','+7 (915) 573-37-61','','Артемова Наталья Леонидовна',''),(648,'Дворников','Юрий','Николаевич','+7 (915) 568-13-36','','Дворников Юрий Николаевич',''),(649,'Колосова','Вера','Ивановна','+7 (951) 137-21-19','','Колосова Вера Ивановна',''),(650,'Колосова','Ирина','Леонидовна','+7 (920) 202-08-23','','Колосова Ирина Леонидовна',''),(651,'Жильникова','Ольга','Николаевна','+7 (950) 716-61-62','','Жильникова Ольга Николаевна',''),(652,'Пожидаева','Наталья','Ивановна','+7 (915) 563-04-74','','Пожидаева Наталья Ивановна',''),(653,'Сивоконь','Илья','Александрович','+7 (905) 677-56-66','','Сивоконь Илья Александрович',''),(654,'Турыгин','Сергей','Валеоьевич','+7 (920) 564-35-25','','Турыгин Сергей Валеоьевич',''),(655,'Коваленко','Александр','Александрович','+7 (904) 539-88-32','','Коваленко Александр Александрович',''),(656,'иванцова','Наталья','Андреевна','+7 (919) 282-78-09','','иванцова Наталья Андреевна',''),(657,'Постников','Юрий','Николаевич','+7 (980) 393-28-50','','Постников Юрий Николаевич',''),(658,'Павленкова','Тамара','Васильевна','+7 (960) 621-01-50','','Павленкова Тамара Васильевна',''),(659,'Анищенко','Ольга','Александровна','+7 (919) 284-69-44','','Анищенко Ольга Александровна',''),(660,'Рощупкина','Татьяна','Ивановна','+7 (910) 227-93-05','','Рощупкина Татьяна Ивановна',''),(661,'Талыпина','Любовь','Александровна','+7 (909) 206-01-53','','Талыпина Любовь Александровна',''),(662,'Родина','Елена','Васильевна','','33-89-82','Родина Елена Васильевна',''),(663,'Ткаченко','Оксана','Александровна','+7 (908) 785-23-29','','Ткаченко Оксана Александровна',''),(664,'Лебедев','Артур','Владимирович','+7 (920) 555-50-45','','Лебедев Артур Владимирович',''),(665,'Захарова','Надежда','Егоровна','+7 (915) 574-75-94','','Захарова Надежда Егоровна',''),(666,'Егоров','Руслан','Викторович','+7 (910) 366-15-44','','Егоров Руслан Викторович',''),(667,'Смотрова','Татьяна','Николаевна','+7 (915) 565-70-07','','Смотрова Татьяна Николаевна',''),(668,'Семенова','Анна','Георгиевна','+7 (915) 564-99-89','','Семенова Анна Георгиевна',''),(669,'Лысенко','Оксана','Витальевна','+7 (910) 327-62-40','','Лысенко Оксана Витальевна',''),(670,'Леонов','Юрий','Алексеевич','+7 (915) 520-38-51','','Леонов Юрий Алексеевич',''),(671,'Павловская','Людмила','Григорьевна','+7 (910) 228-88-77','','Павловская Людмила Григорьевна',''),(672,'Нахрапова','Ольга','Юрьевна','+7 (915) 526-22-10','','Нахрапова Ольга Юрьевна',''),(673,'Рощупкина','Татьяна','Константиновна','+7 (910) 369-71-29','','Рощупкина Татьяна Константиновна',''),(674,'Занина','Оксана','Николаевна','+7 (910) 327-78-05','','Занина Оксана Николаевна',''),(675,'Садовская','Нина','Гардеевна','+7 (960) 630-82-01','','Садовская Нина Гардеевна',''),(676,'Скробов','Кирилл','Владимирович','+7 (919) 283-98-88','','Скробов Кирилл Владимирович',''),(677,'Мельник','Игорь','Борисович','+7 (919) 289-04-08','','Мельник Игорь Борисович',''),(678,'Нестерова','Валентина','Серафимовна','+7 (915) 522-23-08','','Нестерова Валентина Серафимовна',''),(679,'Дорохов','Николай','Александрович','+7 (915) 570-92-99','','Дорохов Николай Александрович',''),(680,'Чуева','Елена','Николаевна','+7 (906) 600-05-85','','Чуева Елена Николаевна',''),(681,'Рябцева','Дарья','Михайловна','+7 (919) 288-82-42','','Рябцева Дарья Михайловна',''),(682,'Мартынов','Дмитрий','Викторович','+7 (920) 204-00-01','','Мартынов Дмитрий Викторович',''),(683,'Чиркова','Елена','Викторовна','+7 (951) 153-85-91','','Чиркова Елена Викторовна',''),(684,'Масалова','Марина','Александровна','+7 (920) 205-03-92','','Масалова Марина Александровна',''),(685,'Махорин','Александр','Павлович','+7 (915) 529-76-76','','Махорин Александр Павлович',''),(686,'Фирсова','Анна','Сергеевна','+7 (922) 011-89-89','','Фирсова Анна Сергеевна',''),(687,'Пупынина','Марина','Николаевна','+7 (952) 422-32-66','','Пупынина Марина Николаевна',''),(688,'Соколов','Артем','Александрович','+7 (920) 578-87-92','','Соколов Артем Александрович',''),(689,'Лень','Александр','Владимирович','+7 (920) 201-83-84','','Лень Александр Владимирович',''),(690,'Будянская','Екатерина','Сергеевна','+7 (980) 325-98-81','','Будянская Екатерина Сергеевна',''),(691,'Тютюнникова','Елена','Николаевна','+7 (910) 320-88-96','','Тютюнникова Елена Николаевна',''),(692,'Анисимова','Елена','Алексеевна','+7 (904) 080-72-90','','Анисимова Елена Алексеевна',''),(693,'Еремин','Игорь','Анатольевич','+7 (908) 787-39-82','','Еремин Игорь Анатольевич',''),(694,'Бутейко','Алексей','Сергеевич','+7 (910) 325-44-18','','Бутейко Алексей Сергеевич',''),(695,'Кокарев','Андрей','Александрович','+7 (915) 566-27-77','','Кокарев Андрей Александрович',''),(696,'Кудрина','Людмила','Владимировна','+7 (905) 677-41-00','','Кудрина Людмила Владимировна',''),(697,'Русакова','Валентина','Викторовна','+7 (910) 325-39-02','','Русакова Валентина Викторовна',''),(698,'Звягенцева','Людмила','Алексеевна','+7 (906) 603-70-87','','Звягенцева Людмила Алексеевна',''),(699,'Чаплыгина','Нина','Сергеевна','+7 (952) 438-94-12','','Чаплыгина Нина Сергеевна',''),(700,'Бесхмельницына','Е.','В.','+7 (951) 153-30-91','','Бесхмельницына Е. В.',''),(701,'Афанасьева','Л.','Н.','+7 (920) 563-20-29','','Афанасьева Л. Н.',''),(702,'Минаков','Руслан','Петрович','+7 (910) 327-72-07','','Минаков Руслан Петрович',''),(703,'Кузьменко','Екатерина','Алексеевна','+7 (910) 363-04-09','','Кузьменко Екатерина Алексеевна',''),(704,'Попов','Константин','Игоревич','+7 (910) 367-71-47','','Попов Константин Игоревич',''),(705,'Пальчикова','Кристина','Михайловна','+7 (908) 785-27-15','','Пальчикова Кристина Михайловна',''),(706,'Лаптева','Анна','Владимировна','+7 (961) 176-10-00','','Лаптева Анна Владимировна',''),(707,'Вершинина','Наталья','Петровна','+7 (905) 172-48-02','','Вершинина Наталья Петровна',''),(708,'Нестерова','Валентина','Ивановна','+7 (919) 285-89-48','','Нестерова Валентина Ивановна',''),(709,'Чурикова','Екатерина','Геннадьевна','+7 (903) 885-62-17','','Чурикова Екатерина Геннадьевна',''),(710,'Богатырева','Ирина','Ивановна','+7 (962) 301-19-67','','Богатырева Ирина Ивановна',''),(711,'Васильчиков','Максим','Владимирович','+7 (919) 434-05-94','','Васильчиков Максим Владимирович',''),(712,'Тихонова','Нина','Алексеевна','+7 (910) 327-36-06','','Тихонова Нина Алексеевна',''),(713,'Пованицына','Светлана','Николаевна','+7 (920) 577-26-40','','Пованицына Светлана Николаевна',''),(714,'Хлопова','Виктория','Александровна','+7 (904) 537-80-14','','Хлопова Виктория Александровна',''),(715,'Суслова','Людмила','Семеновна','+7 (951) 765-25-41','','Суслова Людмила Семеновна',''),(716,'Грачева','Валентина','Васильевна','+7 (915) 522-04-65','','Грачева Валентина Васильевна',''),(717,'Кожухов','Дмитрий','Николаевич','+7 (903) 884-84-00','','Кожухов Дмитрий Николаевич',''),(718,'Севостьянова','Татьяна','Викторовна','+7 (919) 438-46-16','','Севостьянова Татьяна Викторовна',''),(719,'Криводерева','Елена','Валерьевна','+7 (951) 130-62-26','','Криводерева Елена Валерьевна',''),(720,'Рощупкин','Геннадий','Геннадьевич','+7 (910) 322-90-00','','Рощупкин Геннадий Геннадьевич',''),(721,'Богданова','Екатерина','Александровна','+7 (903) 885-03-30','','Богданова Екатерина Александровна',''),(722,'Пименова','.','.','+7 (905) 675-84-09','','Пименова . .',''),(723,'Пикин','Алексей','Иванович','+7 (980) 375-00-11','','Пикин Алексей Иванович',''),(724,'Кун','Лариса','Александровна','+7 (919) 439-08-35','','Кун Лариса Александровна',''),(725,'Забоева','Анастасия','Александровна','+7 (906) 267-98-95','','Забоева Анастасия Александровна',''),(726,'Игнатьева','Елена','Юрьевна','+7 (910) 328-00-38','','Игнатьева Елена Юрьевна',''),(727,'Чиванов','Николай','Михайлович','+7 (952) 422-42-23','','Чиванов Николай Михайлович',''),(728,'Жуков','Вячеслав','Александрович','+7 (919) 222-93-03','','Жуков Вячеслав Александрович',''),(729,'Сыродоева','Нина','Павловна','','43-64-67','Сыродоева Нина Павловна',''),(730,'Алференко','Александр','Николаевич','+7 (915) 526-83-23','','Алференко Александр Николаевич',''),(731,'Клюка','Константин','Олегович','','-','Клюка Константин Олегович',''),(732,'Эгамназарова','Елена','Владимировна','+7 (904) 096-08-61','','Эгамназарова Елена Владимировна',''),(733,'Анпилова ','Ирина','Андреевна','+7 (910) 328-81-88','','Анпилова  Ирина Андреевна',''),(734,'Заболев','Александр','Александрович','+7 (910) 327-65-27','','Заболев Александр Александрович',''),(735,'Школоберда','Евгений','Михайлович','+7 (919) 430-93-68','','Школоберда Евгений Михайлович',''),(736,'Гребенкина','Ирина','Владимировна','+7 (951) 146-82-81','','Гребенкина Ирина Владимировна',''),(737,'Черных','Сергей','Константинович','+7 (903) 292-85-18','','Черных Сергей Константинович',''),(738,'Анисимова','Елена','Ивановна','+7 (980) 300-95-62','','Анисимова Елена Ивановна',''),(739,'Лебедев','Вячеслав','Михайлович','+7 (920) 560-82-82','','Лебедев Вячеслав Михайлович',''),(740,'Самойлов','Игорь','Иванович','+7 (910) 741-25-41','','Самойлов Игорь Иванович',''),(741,'Кирюхина','Екатерина','Владимировна','+7 (910) 364-61-27','','Кирюхина Екатерина Владимировна',''),(742,'Кремень','Вера','Ивановна','+7 (919) 432-22-73','','Кремень Вера Ивановна',''),(743,'Соловьев','Борис','Станиславович','+7 (960) 623-86-57','','Соловьев Борис Станиславович',''),(744,'Науменко','Александр','Владимирович','+7 (910) 741-96-04','','Науменко Александр Владимирович',''),(746,'Донских','Ирина','Николаевна','+7 (904) 092-09-86','','Донских Ирина Николаевна',''),(747,'Щечкина','Людмила','Леонидовна','+7 (960) 624-31-18','','Щечкина Людмила Леонидовна',''),(748,'Гутнрян','Маргарита','Владимировна','+7 (980) 392-06-77','','Гутнрян Маргарита Владимировна',''),(749,'Буравик','Надежда','Михайловна','+7 (919) 287-98-54','','Буравик Надежда Михайловна',''),(750,'Марченко','Лариса','Александровна','+7 (920) 200-60-94','','Марченко Лариса Александровна',''),(751,'Рябчиков','Владимир','Иванович','+7 (910) 368-00-04','','Рябчиков Владимир Иванович',''),(752,'Саркисян','Роберт','Арсенович','+7 (915) 576-96-66','','Саркисян Роберт Арсенович',''),(753,'Антонюк','Алексей','Васильевич','+7 (905) 674-91-24','','Антонюк Алексей Васильевич',''),(754,'Теремязев','Олег','Валерьевич','+7 (950) 711-82-91','','Теремязев Олег Валерьевич',''),(755,'Симонова','Оксана','Николаевна','+7 (910) 360-12-20','','Симонова Оксана Николаевна',''),(756,'Камышникова','Н.','А.','+7 (960) 622-45-60','','Камышникова Н. А.',''),(757,'Щеголева','С.','В.','+7 (920) 568-24-49','','Щеголева С. В.',''),(758,'Маркова','Е.','А.','+7 (960) 624-59-36','','Маркова Е. А.',''),(759,'Коваленкова','Татьяна','Рудольфовна','+7 (919) 227-13-80','','Коваленкова Татьяна Рудольфовна',''),(760,'Пожидаев','Евгений','Владимирович','+7 (919) 223-51-52','','Пожидаев Евгений Владимирович',''),(761,'Ведерников','Андрей','Андреевич','+7 (980) 321-52-93','','Ведерников Андрей Андреевич',''),(762,'Чайкин','Иван','Васильевич','+7 (950) 714-48-50','','Чайкин Иван Васильевич',''),(763,'Кислянских','Оксана','Павловна','+7 (950) 714-49-48','','Кислянских Оксана Павловна',''),(764,'Чемезов','Андрей','Валерьевич','+7 (910) 328-52-07','','Чемезов Андрей Валерьевич',''),(765,'Малеева','Алина','Александровна','+7 (920) 589-06-00','','Малеева Алина Александровна',''),(766,'Макарова','Людмила','Владимировна','+7 (906) 605-25-16','','Макарова Людмила Владимировна',''),(767,'Кравченко','Людмила','Юрьевна','+7 (951) 141-12-18','','Кравченко Людмила Юрьевна',''),(768,'Михайлова','Татьяна','Васильевна','+7 (909) 203-51-37','','Михайлова Татьяна Васильевна',''),(769,'Фендрикова','Нина','Николаевна','+7 (920) 562-69-62','','Фендрикова Нина Николаевна',''),(770,'Болотских','Алла','Ивановна','+7 (952) 431-85-03','','Болотских Алла Ивановна',''),(771,'Коломоец','Владимир','Васильевич','+7 (904) 081-77-57','','Коломоец Владимир Васильевич',''),(772,'Богданова','Татьяна','Юрьевна','+7 (909) 205-53-07','','Богданова Татьяна Юрьевна',''),(773,'Сухарев','Вадим','Викторович','+7 (904) 535-62-67','','Сухарев Вадим Викторович',''),(774,'Маслихов','Эдуард ','Николаевич','+7 (919) 220-95-10','','Маслихов Эдуард  Николаевич',''),(775,'Самсонова','Елена','Станиславовна','+7 (905) 679-53-18','','Самсонова Елена Станиславовна',''),(776,'Кулик','Алексей','Викторович','+7 (910) 327-74-03','','Кулик Алексей Викторович',''),(777,'Сотникова','Наталья','Ивановна','+7 (908) 787-06-36','','Сотникова Наталья Ивановна',''),(778,'Бутримов','Сергей','Викторович','+7 (910) 363-18-78','','Бутримов Сергей Викторович',''),(779,'Махрова','Светлана','Михайловна','+7 (913) 492-81-51','','Махрова Светлана Михайловна',''),(780,'Ламышев','Никита','Алексеевич','+7 (960) 639-00-41','','Ламышев Никита Алексеевич',''),(781,'Ляшенко','Вероника','Александровна','+7 (950) 751-32-47','','Ляшенко Вероника Александровна',''),(782,'Рябинчикова','Наталья','Павловна','+7 (915) 562-17-18','','Рябинчикова Наталья Павловна',''),(783,'Кислова','Надежда','Васильевна','+7 (980) 327-56-86','','Кислова Надежда Васильевна',''),(784,'Слюсарева','Татьяна','Васильевна','+7 (908) 786-00-63','','Слюсарева Татьяна Васильевна',''),(785,'Труфанов','Евгений','Александрович','+7 (919) 224-66-67','','Труфанов Евгений Александрович',''),(786,'Шубадерова','Валентина','Дмитриевна','+7 (906) 602-83-88','','Шубадерова Валентина Дмитриевна',''),(787,'Волошин','Никола','Иванович','+7 (980) 389-01-39','','Волошин Никола Иванович',''),(788,'Головин','Алексей','Викторович','+7 (910) 327-63-53','','Головин Алексей Викторович',''),(789,'Яковенко','Дмитрий','Иванович','+7 (910) 222-66-38','','Яковенко Дмитрий Иванович',''),(790,'Озерова','Анжелика','Валерьевна','+7 (910) 222-66-38','','Озерова Анжелика Валерьевна',''),(791,'Алексенцева','Татьяна','Михайловна','+7 (951) 766-70-96','','Алексенцева Татьяна Михайловна',''),(792,'Савченко','Андрей','Анатольевич','+7 (908) 787-87-33','','Савченко Андрей Анатольевич',''),(793,'Жидких','Ирина','Вячеславовна','+7 (919) 288-23-31','','Жидких Ирина Вячеславовна',''),(794,'Зубок','Олег','Григорьевич','+7 (912) 955-13-85','','Зубок Олег Григорьевич',''),(795,'Глазунова','Зоя','Витальевна','+7 (915) 527-31-39','','Глазунова Зоя Витальевна',''),(796,'Кайсаканова','Татьяна','Андреевна','+7 (951) 764-23-99','','Кайсаканова Татьяна Андреевна',''),(797,'Апатенко','Рита','Владимировна','+7 (952) 421-31-17','','Апатенко Рита Владимировна',''),(798,'Кулаков','Евгений','Викторович','+7 (910) 322-34-67','','Кулаков Евгений Викторович',''),(799,'Хомколова','Людмила','Борисовна','+7 (910) 222-42-71','','Хомколова Людмила Борисовна',''),(800,'Добровольская','Ольга','Сергеевна','+7 (915) 569-79-91','','Добровольская Ольга Сергеевна',''),(801,'Гранкина','Анна','Васильевна','+7 (910) 736-36-72','','Гранкина Анна Васильевна',''),(802,'Кононов','Руслан','Александрович','+7 (910) 320-73-57','','Кононов Руслан Александрович',''),(803,'Зыкова','Алиса','Викторовна','+7 (904) 098-97-52','','Зыкова Алиса Викторовна',''),(804,'Алферов','Александр','Александрович','+7 (904) 537-07-02','','Алферов Александр Александрович',''),(805,'Нифанов','Роман','Николаевич','+7 (919) 222-19-99','','Нифанов Роман Николаевич',''),(806,'Емельянова','Ольга','Николаевна','+7 (919) 229-03-66','','Емельянова Ольга Николаевна',''),(807,'Бондаренко','Дарья','Викторовна','+7 (919) 434-00-84','','Бондаренко Дарья Викторовна',''),(808,'Полянская','Альбина','.','+7 (910) 736-79-38','','Полянская Альбина .',''),(809,'Борода','Татьяна','Борисовна','+7 (962) 302-22-78','','Борода Татьяна Борисовна',''),(810,'Лыськова','.','.','+7 (951) 766-22-44','','Лыськова . .',''),(811,'Емельянов','.','.','+7 (910) 368-05-75','','Емельянов . .',''),(812,'Татарченко','П.','Т.','','-','Татарченко П. Т.',''),(813,'Камерова','Татьяна','Викторовна','+7 (910) 228-05-64','','Камерова Татьяна Викторовна',''),(814,'Каменев','Юрий','Васильевич','+7 (920) 583-52-63','','Каменев Юрий Васильевич',''),(815,'Кирей','Вера','Александровна','+7 (961) 164-88-96','','Кирей Вера Александровна',''),(816,'Колесов','Сергей','Алексеевич','+7 (908) 788-86-55','','Колесов Сергей Алексеевич',''),(817,'Алябьева','Оксана','Юрьевна','+7 (951) 139-20-53','','Алябьева Оксана Юрьевна',''),(818,'Травкина','Оксана','Сергеевна','+7 (904) 092-74-78','','Травкина Оксана Сергеевна',''),(819,'Щелкунова','Татьяна','Викторовна','+7 (980) 379-91-09','','Щелкунова Татьяна Викторовна',''),(820,'Бекетов','Михаил','Дмитриевич','+7 (929) 005-54-07','','Бекетов Михаил Дмитриевич',''),(821,'Ананьев','Николай','Михайлович','+7 (951) 159-42-78','','Ананьев Николай Михайлович',''),(822,'Киреев','Владимир','Александрович','+7 (952) 430-86-35','','Киреев Владимир Александрович',''),(823,'Стебунов','Игорь','Владимирович','+7 (908) 789-61-03','','Стебунов Игорь Владимирович',''),(824,'Кузнецов','Дмитрий','Васильевич','+7 (910) 741-15-53','','Кузнецов Дмитрий Васильевич',''),(825,'Солодилов','Александр','Станиславович','+7 (910) 741-01-79','','Солодилов Александр Станиславович',''),(826,'Гнедых','Галина','Васильевна','+7 (980) 394-61-77','','Гнедых Галина Васильевна',''),(827,'Гальянд','Дмитрий','Георгиевич ','+7 (951) 140-96-79','','Гальянд Дмитрий Георгиевич ',''),(828,'Гальянд','Дмитрий','Георгиевич ','+7 (951) 140-96-79','','Гальянд Дмитрий Георгиевич ',''),(829,'Гальянд','Дмитрий','Георгиевич ','+7 (951) 140-96-79','','Гальянд Дмитрий Георгиевич ',''),(830,'Гальянд','Дмитрий','Георгиевич ','+7 (951) 140-96-79','','Гальянд Дмитрий Георгиевич ',''),(831,'Марченко','Артур','Владимирович','+7 (910) 365-66-51','','Марченко Артур Владимирович',''),(832,'Коломоец','Владимир','Васильевич','+7 (904) 081-77-57','','Коломоец Владимир Васильевич',''),(833,'Баранов','Виктор','Егорович','+7 (910) 210-91-20','','Баранов Виктор Егорович',''),(834,'Горожанкин','Леонид','Владимирович','+7 (950) 714-42-68','','Горожанкин Леонид Владимирович',''),(835,'ООО','ТК Актив','Черноземья','','420500','ООО ТК Актив Черноземья',''),(836,'Надаенко','Алексей','Юрьевич','+7 (980) 388-60-56','','Надаенко Алексей Юрьевич',''),(837,'Орлова','Светлана','Владимировна','+7 (980) 374-39-73','','Орлова Светлана Владимировна',''),(838,'Кальчин','Михаил','Георгиевич ','+7 (951) 760-22-99','','Кальчин Михаил Георгиевич ',''),(839,'Лорени','Светлана','Евгеньевна','+7 (915) 569-41-20','','Лорени Светлана Евгеньевна',''),(840,'Гончарова','Лариса','Васильевна','+7 (906) 603-31-12','','Гончарова Лариса Васильевна',''),(841,'Бурминская','Мария','Александровна','+7 (904) 537-65-77','','Бурминская Мария Александровна',''),(842,'Фризен','Елена','Владимировна','+7 (904) 538-73-63','','Фризен Елена Владимировна',''),(843,'Ледовских','Александр','Иванович','+7 (919) 287-16-24','','Ледовских Александр Иванович',''),(844,'Струкова','Оксана','Анатольевна','+7 (910) 327-77-44','','Струкова Оксана Анатольевна',''),(845,'Лебедева','Елена','Павловна','','431039','Лебедева Елена Павловна',''),(846,'Лось','Ольга','Владимировна','+7 (910) 225-01-40','','Лось Ольга Владимировна',''),(847,'Стретинский','Александр','Алексеевич','+7 (919) 288-30-90','','Стретинский Александр Алексеевич',''),(848,'Суркова','Марина','Викторовна','','480617','Суркова Марина Викторовна',''),(849,'Ахмеедов','Алик','Асифович','+7 (920) 565-99-90','','Ахмеедов Алик Асифович',''),(850,'Григорян','Майкл','Альбертович','+7 (915) 566-70-07','','Григорян Майкл Альбертович',''),(851,'Федорченко','Кристина','Андреевна','+7 (920) 582-12-22','','Федорченко Кристина Андреевна',''),(852,'Гусева','Марина','Леонидовна','+7 (910) 736-91-97','','Гусева Марина Леонидовна',''),(853,'Репников','Николай','Иванович','+7 (905) 040-16-00','','Репников Николай Иванович',''),(854,'Горшкова','Елена','Ивановна','+7 (919) 284-08-22','','Горшкова Елена Ивановна',''),(855,'Заставака','Мария','Николаевна','+7 (904) 085-67-57','','Заставака Мария Николаевна',''),(856,'Ансимова','Галина','Ивановна','+7 (915) 525-69-80','','Ансимова Галина Ивановна',''),(857,'Чебынина','Екатерина','Евгеньевна','+7 (910) 369-98-15','','Чебынина Екатерина Евгеньевна',''),(858,'Куркина','Екатерина','Владимировна','+7 (919) 288-89-81','','Куркина Екатерина Владимировна',''),(859,'Стороженко','Виталий','Николаевич','+7 (951) 137-27-25','','Стороженко Виталий Николаевич',''),(860,'Коптева','Оксана','Викторовна','+7 (904) 080-80-55','','Коптева Оксана Викторовна',''),(861,'Бармикова','Наталья','Анатольевна','+7 (920) 582-17-69','','Бармикова Наталья Анатольевна',''),(862,'Ножкина','Надежда','Митрофановна','+7 (910) 361-92-97','','Ножкина Надежда Митрофановна',''),(863,'Воронцов','Евгений','Константинович','+7 (920) 564-36-47','','Воронцов Евгений Константинович',''),(864,'Власова','Татьяна','Анатольевна','+7 (910) 328-53-87','','Власова Татьяна Анатольевна',''),(865,'Бусловский','Александр','Степанович','+7 (915) 573-01-68','','Бусловский Александр Степанович',''),(866,'Пронских','Валентина','Ивановна','','-','Пронских Валентина Ивановна',''),(867,'Ипатов','Дмитрий','Александрович','+7 (908) 789-87-48','','Ипатов Дмитрий Александрович',''),(868,'Багиев','Беник','Авинесович','+7 (915) 569-58-78','','Багиев Беник Авинесович',''),(869,'Суховерков','Валентин','Владимирович','+7 (910) 222-70-26','','Суховерков Валентин Владимирович',''),(870,'Леонов','Валерий','Петрович','+7 (919) 228-02-65','','Леонов Валерий Петрович',''),(871,'Маракина','Елена','Александровна','+7 (980) 376-67-89','','Маракина Елена Александровна',''),(872,'Бервина','Мария','Александровна','+7 (951) 183-58-96','','Бервина Мария Александровна',''),(873,'Русских','Сергей','Русланович','+7 (919) 280-45-22','','Русских Сергей Русланович',''),(874,'Косинова','Клавдия','Петровна','+7 (910) 367-00-24','','Косинова Клавдия Петровна',''),(875,'Головина','Наталья','Петровна','+7 (905) 672-08-83','','Головина Наталья Петровна',''),(876,'Назарова','Наталья','Васильевна','+7 (910) 321-36-15','','Назарова Наталья Васильевна',''),(877,'Дудник','Мария','Митрофановна','','42-45-82','Дудник Мария Митрофановна',''),(878,'Губенко','Валентина','Александровна','+7 (951) 138-29-83','','Губенко Валентина Александровна',''),(879,'Мединцева','Любовь','Михайловна','+7 (951) 142-91-13','','Мединцева Любовь Михайловна',''),(880,'Фомин','Виктор','Митрофанович','+7 (920) 577-25-80','','Фомин Виктор Митрофанович',''),(881,'Яковлева','Наталья','Николаевна','+7 (915) 571-77-75','','Яковлева Наталья Николаевна',''),(882,'Васютин','Сергей','Викторович','+7 (980) 373-43-02','','Васютин Сергей Викторович',''),(883,'Махорта','Наталья','Викторовна','+7 (910) 328-08-34','','Махорта Наталья Викторовна',''),(884,'Раздобудько','Лидия','Васильевна','+7 (915) 574-33-98','','Раздобудько Лидия Васильевна',''),(885,'Валеева','Валентина','Григорьевна','+7 (960) 627-27-28','','Валеева Валентина Григорьевна',''),(886,'Белявцева','Тамара','Андреевна','','24-48-49','Белявцева Тамара Андреевна',''),(887,'Паньщина','Антонина','Ивановна','','-','Паньщина Антонина Ивановна',''),(888,'Мельник','Инна','Витальевна','+7 (919) 222-58-15','','Мельник Инна Витальевна',''),(889,'Фомгеннова','Людмила','Михайловна','+7 (909) 201-41-41','','Фомгеннова Людмила Михайловна',''),(890,'Дикий','Николай','Иванович','+7 (915) 564-93-34','','Дикий Николай Иванович',''),(891,'Жукова','Юлия','Николаевна','+7 (905) 172-01-99','','Жукова Юлия Николаевна',''),(892,'Фомина','Ольга','Николаевна','+7 (919) 221-04-24','','Фомина Ольга Николаевна',''),(893,'Фомина','Наталья','Сергеевна','+7 (910) 328-14-82','','Фомина Наталья Сергеевна',''),(894,'Хорошилов','Владимир','Валерьевич','+7 (908) 783-67-89','','Хорошилов Владимир Валерьевич',''),(895,'Гладуш','Наталья','Юрьевна','+7 (906) 606-09-89','','Гладуш Наталья Юрьевна',''),(896,'Дюкирева','Тамара','Михайловна','+7 (910) 368-60-56','','Дюкирева Тамара Михайловна',''),(897,'Жуковская','Людмила','Васильевна','+7 (903) 886-42-96','','Жуковская Людмила Васильевна',''),(898,'Пащенко','Павел','Владимирович','+7 (920) 556-59-04','','Пащенко Павел Владимирович',''),(899,'Партусов','Игорь','Владимирович','+7 (910) 741-26-93','','Партусов Игорь Владимирович',''),(900,'Исаев','Виталий','Васильевич','+7 (961) 172-72-95','','Исаев Виталий Васильевич',''),(901,'Евдокимова','Любовь','Ивановна','+7 (919) 281-06-20','','Евдокимова Любовь Ивановна',''),(902,'Черников','Геннадий','Валерьевич','+7 (920) 583-52-91','','Черников Геннадий Валерьевич',''),(903,'Крюкова','Лариса','Ивановна','+7 (910) 366-46-14','','Крюкова Лариса Ивановна',''),(904,'Бершута','Ольга','Алексеевна','+7 (910) 741-03-21','','Бершута Ольга Алексеевна',''),(905,'Мирошникова','Ирина','Сергеевна','+7 (952) 431-97-75','','Мирошникова Ирина Сергеевна',''),(906,'Партусов','Артем','Игоревич','+7 (980) 528-76-31','','Партусов Артем Игоревич',''),(907,'Артеменко','Ольга','Евгеньевна','+7 (908) 787-36-20','','Артеменко Ольга Евгеньевна',''),(908,'Горностаев','Владимир','Аркадьевич','+7 (910) 224-44-00','','Горностаев Владимир Аркадьевич',''),(909,'Сотников','Кирилл','Павлович','+7 (910) 369-93-38','','Сотников Кирилл Павлович',''),(910,'Голоушинов','Николай','Вячеславович','+7 (919) 439-56-58','','Голоушинов Николай Вячеславович',''),(911,'Качалова','Марина','Викторовна','+7 (910) 327-51-73','','Качалова Марина Викторовна',''),(912,'Харламова','Наталья','Васильевна','+7 (980) 325-82-83','','Харламова Наталья Васильевна',''),(913,'Тараканова','Валентина','Васильевна','+7 (910) 324-39-09','','Тараканова Валентина Васильевна',''),(914,'Лысенко','Светлана','Васильевна','+7 (904) 084-85-53','','Лысенко Светлана Васильевна',''),(915,'Овсянникова','Людмила','Александровна','+7 (906) 603-86-67','','Овсянникова Людмила Александровна',''),(916,'Сычева','Светлана','Михайловна','+7 (910) 366-73-00','','Сычева Светлана Михайловна',''),(917,'Нарыкова','Софья','Александровна','+7 (915) 522-92-03','','Нарыкова Софья Александровна',''),(918,'Зуева','Наталья','Григорьевна','+7 (960) 620-75-69','','Зуева Наталья Григорьевна',''),(919,'Лазарев','Алексей','Игоревич','+7 (909) 202-11-77','','Лазарев Алексей Игоревич',''),(920,'Пашкова','Елена','Николаевна','+7 (951) 149-45-91','','Пашкова Елена Николаевна',''),(921,'Егунова','Олеся','Анатольевна','+7 (915) 562-46-51','','Егунова Олеся Анатольевна',''),(922,'Ермакова','Анна','Петровна','','24-50-62','Ермакова Анна Петровна',''),(923,'Кондакова','Елена','Ивановна','+7 (910) 222-97-35','','Кондакова Елена Ивановна',''),(924,'Рыжих','Наталья','Викторовна','+7 (904) 539-54-37','','Рыжих Наталья Викторовна',''),(925,'Назаренко','Константин','Вячеславович','+7 (919) 435-37-37','','Назаренко Константин Вячеславович',''),(926,'Гуров','Юрий','Михайлович','+7 (908) 788-96-63','','Гуров Юрий Михайлович',''),(927,'Бондарь','Михаил','Валентинович','+7 (910) 327-45-41','','Бондарь Михаил Валентинович',''),(928,'Гранкина','Любовь','Александровна','+7 (905) 676-77-41','','Гранкина Любовь Александровна',''),(929,'Янцовская','Елена','Валерьевна','+7 (920) 554-42-79','','Янцовская Елена Валерьевна',''),(930,'Азарова','Ольга','Анатольевна','+7 (920) 579-27-42','','Азарова Ольга Анатольевна',''),(931,'Тулинов','Владимир','Георгиевич','+7 (915) 563-32-33','','Тулинов Владимир Георгиевич',''),(932,'Игнатова','Алла','Артуровна','+7 (919) 223-07-22','','Игнатова Алла Артуровна',''),(933,'Поминова','Александра','Владимировна','+7 (915) 566-07-21','','Поминова Александра Владимировна',''),(934,'Можаров','Дмитрий','Иванович','+7 (910) 364-90-65','','Можаров Дмитрий Иванович',''),(935,'Шефнер','Ирина','Викторовна','+7 (950) 717-38-76','','Шефнер Ирина Викторовна',''),(936,'Тимофеева','Екатерина','Викторовна','+7 (919) 228-62-67','','Тимофеева Екатерина Викторовна',''),(937,'Нечаева','Тамара','Павловна','+7 (960) 620-16-54','','Нечаева Тамара Павловна',''),(938,'Минакова','Галина','Григорьевна','+7 (904) 095-15-26','','Минакова Галина Григорьевна',''),(939,'Власов','Роман','Николаевич','+7 (919) 438-19-17','','Власов Роман Николаевич',''),(940,'Бобровникова','Наталия','Владимировна','+7 (910) 366-59-39','','Бобровникова Наталия Владимировна',''),(941,'Баженько','Кристина','Леонидовна','+7 (904) 092-09-79','','Баженько Кристина Леонидовна',''),(942,'Толмачева','Ирина','Николаевна','+7 (910) 328-95-62','','Толмачева Ирина Николаевна',''),(943,'Петин','Юрий','Леонидович','','33-88-96','Петин Юрий Леонидович',''),(944,'Дручинина','Екатерина','Александровна','+7 (910) 326-00-86','','Дручинина Екатерина Александровна',''),(945,'Рачок','Павел','Васильевич','+7 (910) 328-01-15','','Рачок Павел Васильевич',''),(946,'Данилова','Виктория','Викторовна','+7 (951) 156-45-23','','Данилова Виктория Викторовна',''),(947,'Монаков','Алексей','Валерианович','+7 (910) 328-08-08','','Монаков Алексей Валерианович',''),(948,'Диордиева','Наталья','Николаевна','+7 (920) 205-64-46','','Диордиева Наталья Николаевна',''),(949,'Чернятина','Татьяна','Алексеевна','+7 (904) 536-90-65','','Чернятина Татьяна Алексеевна',''),(950,'Баланов','Леонид','Григорьевич','+7 (910) 329-13-23','','Баланов Леонид Григорьевич',''),(951,'Новоселова','Марина','Игоревна','+7 (951) 768-87-82','','Новоселова Марина Игоревна',''),(952,'Евсюкова','Юлия','Алексеевна','+7 (951) 154-04-77','','Евсюкова Юлия Алексеевна',''),(953,'Надеин','Денис','Юрьевич','+7 (919) 220-82-22','','Надеин Денис Юрьевич',''),(954,'Ким','Людмила','.','+7 (952) 436-34-26','','Ким Людмила .',''),(955,'Куприянов','С.','М.','+7 (906) 600-89-74','','Куприянов С. М.',''),(956,'Крохмаль','С.','К.','+7 (904) 532-72-11','','Крохмаль С. К.',''),(957,'Сидельникова','Екатерина','Ивановна','+7 (904) 538-93-31','','Сидельникова Екатерина Ивановна',''),(958,'Лобков','Александр','Сергеевич','+7 (910) 327-95-41','','Лобков Александр Сергеевич',''),(959,'Прокопенко','Алексей','Владимирович','+7 (980) 391-82-13','','Прокопенко Алексей Владимирович',''),(960,'Ушакова','Татьяна','Николаевна','+7 (920) 578-25-78','','Ушакова Татьяна Николаевна',''),(961,'Назаров','Валерий','Аламбаевич','+7 (915) 578-11-62','','Назаров Валерий Аламбаевич',''),(962,'Белеков','Дмитрий','Сергеевич','+7 (910) 366-68-82','','Белеков Дмитрий Сергеевич',''),(965,'Борисова','Елена','Николаевна','','','Борисова Елена Николаевна',''),(966,'Сабиров','Евгений','Маратович','+7 (980) 378-37-37','','Сабиров Евгений Маратович',''),(967,'Пехова','Лариса','Юрьевна','+7 (910) 229-26-18','','Пехова Лариса Юрьевна',''),(968,'Шутенко','Виталий','Сергеевич','+7 (919) 437-33-77','','Шутенко Виталий Сергеевич',''),(969,'Быкова','Елена','Николаевна','+7 (951) 762-90-64','','Быкова Елена Николаевна',''),(970,'Бравик','Надежда','Михайловна','+7 (919) 287-98-54','','Бравик Надежда Михайловна',''),(971,'Шенцева','Татьяна','Александровна','+7 (915) 529-48-88','','Шенцева Татьяна Александровна',''),(972,'Сибер','Татьяна','Николаевна','+7 (909) 207-02-72','','Сибер Татьяна Николаевна',''),(973,'Винницкий','Виктор','Юрьевич','+7 (905) 677-16-62','','Винницкий Виктор Юрьевич',''),(974,'Ерофеев','Андрей','Викторович','+7 (910) 737-63-98','','Ерофеев Андрей Викторович',''),(975,'Мацко','Татьяна','Михайловна','+7 (919) 226-90-52','','Мацко Татьяна Михайловна',''),(976,'Музыченко','Лариса','Сергеевна','+7 (950) 712-28-19','','Музыченко Лариса Сергеевна',''),(977,'Музыченко','Лариса','Сергеевна','+7 (950) 712-28-19','','Музыченко Лариса Сергеевна',''),(978,'Шестаков','Сергей','Витальевич','','','Шестаков Сергей Витальевич',''),(979,'Шестаков','Сергей','Витальевич','+7 (910) 225-80-85','','Шестаков Сергей Витальевич',''),(980,'Скороходов','Василий','Васильевич','+7 (903) 884-21-62','','Скороходов Василий Васильевич',''),(981,'Воронов','Евгений','Семёнович','+7 (919) 284-80-86','','Воронов Евгений Семёнович',''),(982,'Туманов','Роман','Викторович','+7 (980) 325-99-19','','Туманов Роман Викторович',''),(983,'Кривда','Лилия','Айратовна','+7 (919) 224-03-31','','Кривда Лилия Айратовна',''),(985,'Шишкина','Наталья','Геннадьевна','+7 (910) 741-02-10','','Шишкина Наталья Геннадьевна',''),(986,'Семыкин','Денис','Игоревич','+7 (920) 557-57-25','','Семыкин Денис Игоревич',''),(987,'Малеева','Алина','Александровна','+7 (908) 786-96-66','','Малеева Алина Александровна',''),(988,'Никулин','Владимир','Дмитриевич','+7 (950) 719-66-68','','Никулин Владимир Дмитриевич',''),(989,'Малеева','Алина','Александровна','+7 (908) 786-96-66','','Малеева Алина Александровна',''),(990,'Малеева','Алина','Александровна','+7 (908) 786-96-66','','Малеева Алина Александровна',''),(991,'Малеева','Алина','Александровна','+7 (908) 786-96-66','','Малеева Алина Александровна',''),(992,'Музыченко','Лариса','Сергеевна','+7 (950) 712-28-19','','Музыченко Лариса Сергеевна',''),(993,'Клочкова','Галина','Викторовна','+7 (920) 577-43-37','','Клочкова Галина Викторовна',''),(994,'Клыков','Алексей','Сергеевич','+7 (903) 886-75-55','','Клыков Алексей Сергеевич',''),(995,'Петрова','Светлана','Александровна','+7 (919) 228-36-18','','Петрова Светлана Александровна',''),(996,'Кравченко','Людмила','Юрьевна','+7 (951) 141-12-18','','Кравченко Людмила Юрьевна',''),(997,'Часовских','Наталья','Александровна','+7 (919) 287-96-92','','Часовских Наталья Александровна',''),(998,'Пасечник','Александр','Владимирович','','442686','Пасечник Александр Владимирович',''),(999,'Бенько','Екатерина','Ивановна','+7 (905) 672-76-32','','Бенько Екатерина Ивановна',''),(1000,'Костюкова','Любовь','Васильевна','+7 (904) 098-20-53','','Костюкова Любовь Васильевна',''),(1001,'Волженко','Вадим','Викторович','','','Волженко Вадим Викторович',''),(1002,'Эрлик','Нина','Михайловна','+7 (951) 142-57-39','','Эрлик Нина Михайловна',''),(1003,'Будянская','Зинаида','Анатольевна','+7 (910) 327-66-86','','Будянская Зинаида Анатольевна',''),(1004,'Будянская','Зинаида','Анатольевна','+7 (910) 327-66-86','','Будянская Зинаида Анатольевна',''),(1005,'Гладких','Александр','Вячеславович','+7 (920) 559-09-69','','Гладких Александр Вячеславович',''),(1006,'Гоутинов','Николай','Александрович','+7 (951) 150-00-06','','Гоутинов Николай Александрович',''),(1007,'Сотников','Кирилл','Павлович','+7 (910) 369-93-38','','Сотников Кирилл Павлович',''),(1008,'Семенюк','Нина','Андреевна','+7 (915) 577-51-23','','Семенюк Нина Андреевна',''),(1009,'Лось','Ольга','Владимировна','+7 (910) 225-01-40','','Лось Ольга Владимировна',''),(1010,'Черных','Ольга','Васильевна','+7 (920) 208-69-50','','Черных Ольга Васильевна',''),(1011,'Гончаренко','Александр','Михайлович','+7 (919) 435-44-77','','Гончаренко Александр Михайлович',''),(1012,'Пищулина','Елена','Викторовна','+7 (951) 150-68-62','','Пищулина Елена Викторовна',''),(1013,'Ушаков','Генадий','Риколаевич','+7 (915) 522-52-32','','Ушаков Генадий Риколаевич',''),(1014,'Щупров','Олег','Сергеевич','+7 (910) 368-56-95','','Щупров Олег Сергеевич',''),(1015,'Лебедев','Сергей','Евгеньевич','+7 (920) 567-78-42','','Лебедев Сергей Евгеньевич',''),(1016,'Луговских','Оксана','Леонидовна','+7 (910) 328-48-74','','Луговских Оксана Леонидовна',''),(1017,'Пупынина','Наталья','Владимировна','+7 (904) 099-22-97','','Пупынина Наталья Владимировна',''),(1018,'Петрунько','Артём','Юрьевич','+7 (904) 537-60-16','','Петрунько Артём Юрьевич',''),(1019,'Глушков','Алексей','Александрович','+7 (906) 607-44-97','','Глушков Алексей Александрович',''),(1020,'Цымбала','Нонна','Лориевна','+7 (910) 745-97-50','','Цымбала Нонна Лориевна',''),(1021,'Тимофеева','Екатерина','Викторовна','+7 (919) 228-62-67','','Тимофеева Екатерина Викторовна',''),(1022,'Хапкова','Наталья','Евгеньевна','+7 (919) 286-98-29','','Хапкова Наталья Евгеньевна',''),(1023,'Кононов','Руслан','Александрович','+7 (910) 320-73-57','','Кононов Руслан Александрович',''),(1024,'Луговских','Оксана','Леонидовна','+7 (910) 328-48-74','','Луговских Оксана Леонидовна',''),(1025,'Буйко','Геннадий','Григорьевич','+7 (915) 571-67-32','','Буйко Геннадий Григорьевич',''),(1026,'Дикарев','Александр','Викторович','+7 (905) 173-67-40','','Дикарев Александр Викторович',''),(1027,'Уклеин','Виталий','Иванович','+7 (903) 884-37-44','','Уклеин Виталий Иванович',''),(1028,'ООО ','ТК Актив','Черноземья','','420500','ООО  ТК Актив Черноземья',''),(1029,'Мокроусов','Кирилл','Геннадьевич','+7 (915) 560-22-32','','Мокроусов Кирилл Геннадьевич',''),(1030,'Гончаров','Александр','Александрович','+7 (910) 223-24-41','','Гончаров Александр Александрович',''),(1031,'Коломыцева','Марина','Николаевна','+7 (951) 760-39-49','','Коломыцева Марина Николаевна',''),(1032,'Долговский','Владимир','Александрович','+7 (952) 429-92-92','','Долговский Владимир Александрович',''),(1033,'Ломакина','Вита','Викторовна','+7 (920) 563-34-35','','Ломакина Вита Викторовна',''),(1034,'Гетманова','Виктория','Дмитриевна','+7 (950) 715-63-05','','Гетманова Виктория Дмитриевна',''),(1035,'Шутенко','Владимир','Сергеевич','+7 (919) 435-85-85','','Шутенко Владимир Сергеевич',''),(1036,'Лебедева','Лилия','Анатольевна','+7 (961) 170-74-95','','Лебедева Лилия Анатольевна',''),(1037,'Судаков','Сергей','Николаевич','+7 (915) 570-03-69','','Судаков Сергей Николаевич',''),(1038,'Лихачёва','Ирина','Геннадьевна','+7 (951) 133-75-86','','Лихачёва Ирина Геннадьевна',''),(1039,'Сидоров','Валерий','Петрович','','','Сидоров Валерий Петрович',''),(1040,'Гришаева','Анна','Алексеевна','+7 (919) 435-15-15','','Гришаева Анна Алексеевна',''),(1041,'Юракова','Милана','Анатольевна','+7 (910) 369-32-26','','Юракова Милана Анатольевна',''),(1042,'Арзамасцев','Евгений','Александрович','+7 (960) 636-18-58','','Арзамасцев Евгений Александрович',''),(1043,'Неуюдникова','Наталия','Валериевна','+7 (910) 363-29-97','','Неуюдникова Наталия Валериевна',''),(1044,'Сергеенко','Лариса','Николаевна','+7 (910) 226-65-09','','Сергеенко Лариса Николаевна',''),(1045,'Евдокимова','Любовь','Ивановна','+7 (919) 281-06-20','','Евдокимова Любовь Ивановна',''),(1046,'Емельянова','Алла','Михайловна','+7 (908) 788-01-60','','Емельянова Алла Михайловна',''),(1047,'Сбитнев','Владимир','Павлович','','401847','Сбитнев Владимир Павлович',''),(1048,'Шатков','Александр','Иванович','+7 (906) 606-63-64','','Шатков Александр Иванович',''),(1049,'Дорожко','Ирина','Евгеньевна','+7 (905) 674-74-74','','Дорожко Ирина Евгеньевна',''),(1050,'Бородина','Людмила','Владимировна','+7 (910) 223-18-88','','Бородина Людмила Владимировна',''),(1051,'Кузнецов','Роман','Леонидович','+7 (915) 563-88-63','','Кузнецов Роман Леонидович',''),(1052,'Мозговой','Юрий','Николаевич','+7 (910) 225-88-21','','Мозговой Юрий Николаевич',''),(1053,'Гурова','Ольга','Германовна','+7 (919) 435-62-35','','Гурова Ольга Германовна',''),(1054,'Кислинская','Светлана','Егоровна','+7 (919) 288-64-76','','Кислинская Светлана Егоровна',''),(1055,'Шляхта','Максим','Геннадьевич','+7 (908) 786-66-99','','Шляхта Максим Геннадьевич',''),(1056,'Подлесник','Владимир','Александрович','+7 (919) 282-76-58','','Подлесник Владимир Александрович',''),(1057,'Гришин','Андрей','Анатольевич','+7 (904) 537-18-44','','Гришин Андрей Анатольевич',''),(1058,'Швецова','Юлия','Вячеславовна','+7 (915) 527-40-50','','Швецова Юлия Вячеславовна',''),(1059,'Борцов','Владимир','Анатольевич','+7 (910) 225-82-38','','Борцов Владимир Анатольевич',''),(1060,'Болотских','Алла','Ивановна','+7 (952) 421-85-03','','Болотских Алла Ивановна',''),(1061,'Вдовенко','Марина','Сергеевна','+7 (904) 084-99-00','','Вдовенко Марина Сергеевна',''),(1062,'Денисенко','Олег','Александрович','+7 (980) 321-93-05','','Денисенко Олег Александрович',''),(1063,'Серых','Людмила','Николаевна','+7 (952) 421-01-08','','Серых Людмила Николаевна',''),(1064,'Пискарёв','Максим','Николаевич','+7 (920) 561-94-44','','Пискарёв Максим Николаевич',''),(1065,'Киселёв','Андрей','Михайлович','+7 (909) 206-05-08','','Киселёв Андрей Михайлович',''),(1066,'Гришин','Егор','Алексеевич','+7 (910) 368-69-07','','Гришин Егор Алексеевич',''),(1067,'Давтян','Галина','Николаевна','+7 (908) 788-83-90','','Давтян Галина Николаевна',''),(1068,'Найдёнова','Раиса','Ивановна','+7 (920) 202-06-98','','Найдёнова Раиса Ивановна',''),(1069,'Янушевская','Виктория','Александровна','+7 (951) 130-03-81','','Янушевская Виктория Александровна',''),(1070,'Манец','Виктория','Игоревна','+7 (920) 598-45-67','','Манец Виктория Игоревна',''),(1071,'Котенёв','Денис','Александрович','+7 (910) 221-04-16','','Котенёв Денис Александрович',''),(1072,'Барыльников','Евгений','Геннадьевич','+7 (980) 320-56-75','','Барыльников Евгений Геннадьевич',''),(1073,'Одинцова','Оксана','Ивановна','+7 (952) 433-66-35','','Одинцова Оксана Ивановна',''),(1074,'Плесканка','Марьяна','Ивановна','+7 (919) 438-39-17','','Плесканка Марьяна Ивановна',''),(1075,'Разумова','Ольга','Юрьевна','+7 (904) 538-70-76','','Разумова Ольга Юрьевна',''),(1076,'Деревянкина','Инна','Васильевна','+7 (919) 287-20-06','','Деревянкина Инна Васильевна',''),(1077,'Михайлова','Татьяна','Александровна','+7 (919) 285-62-06','','Михайлова Татьяна Александровна',''),(1078,'Ряполов','Роман','Александрович','+7 (915) 572-59-88','','Ряполов Роман Александрович',''),(1079,'Деменина','Екатерина','Александровна','+7 (909) 200-78-81','','Деменина Екатерина Александровна',''),(1080,'Ряполова','Наталья','Владимировна','+7 (919) 433-25-05','','Ряполова Наталья Владимировна',''),(1081,'Малявина','Елена','Сергеевна','+7 (904) 094-01-02','','Малявина Елена Сергеевна',''),(1082,'Мисюра','Ксения','Александровна','+7 (960) 560-55-56','','Мисюра Ксения Александровна',''),(1083,'Кононова','Елена','Ивановна','+7 (904) 538-81-19','','Кононова Елена Ивановна',''),(1084,'Романов','Евгений','Станиславович','+7 (904) 485-32-55','','Романов Евгений Станиславович',''),(1085,'Бутримов','Сергей','Викторович','+7 (910) 363-18-78','','Бутримов Сергей Викторович',''),(1086,'Богданова','Ольга','Михайловна','+7 (961) 172-35-44','','Богданова Ольга Михайловна',''),(1087,'Яровой','Евгений','Васильевич','+7 (961) 164-64-03','','Яровой Евгений Васильевич',''),(1088,'Яровой','Евгений','Васильевич','+7 (961) 164-64-03','','Яровой Евгений Васильевич',''),(1089,'Рощупкина','Елена','Николаевна','+7 (906) 575-48-88','','Рощупкина Елена Николаевна',''),(1090,'Артёменко','Юлия','Владимировна','+7 (910) 368-20-07','','Артёменко Юлия Владимировна',''),(1091,'Дорохов','Денис','Александрович','+7 (950) 713-56-67','','Дорохов Денис Александрович',''),(1092,'Литовка','Анна','Сергеевна','+7 (952) 423-18-88','','Литовка Анна Сергеевна',''),(1093,'Киселёв','Евгений','Юрьевич','+7 (960) 628-49-59','','Киселёв Евгений Юрьевич',''),(1094,'Никулина','Валентина','Николаевна','+7 (920) 553-21-31','','Никулина Валентина Николаевна',''),(1095,'Дмитриева','Валентина','Дорофеевна','+7 (910) 226-18-36','','Дмитриева Валентина Дорофеевна',''),(1096,'Боева','Елена','Лазаревна','+7 (904) 535-59-26','','Боева Елена Лазаревна',''),(1097,'Алаудинова','София','Владимировна','+7 (920) 556-42-36','','Алаудинова София Владимировна',''),(1098,'Ильичёв','Сергей','Николаевич','+7 (910) 226-51-46','','Ильичёв Сергей Николаевич',''),(1099,'Зубанин','Олег','Сергеевич','+7 (910) 327-68-90','','Зубанин Олег Сергеевич',''),(1100,'Елисеева','Ксения','Ивановна','+7 (908) 789-98-47','','Елисеева Ксения Ивановна',''),(1101,'Лазебная','Татьяна','Викторовна','+7 (950) 716-96-59','','Лазебная Татьяна Викторовна',''),(1102,'Вербенко','Анна','Викторовна','+7 (905) 676-61-36','','Вербенко Анна Викторовна',''),(1103,'Воротынцева','Томара','Михайловна','','402276','Воротынцева Томара Михайловна',''),(1104,'Пилипенко','Мария','Ивановна','','32-85-82','Пилипенко Мария Ивановна',''),(1105,'Горбатых','Ирина','Николаевна','+7 (920) 582-59-05','','Горбатых Ирина Николаевна',''),(1106,'Мишуров','Александр','Михайлович','+7 (920) 568-55-46','','Мишуров Александр Михайлович',''),(1107,'Савосько','Евгения','Николаевна','+7 (908) 787-93-07','','Савосько Евгения Николаевна',''),(1108,'Дядищев','Сергей','Леонидович','+7 (910) 362-19-23','','Дядищев Сергей Леонидович',''),(1109,'Папян','Алексей','Федорович','+7 (980) 372-52-08','','Папян Алексей Федорович',''),(1110,'Антоненко','Алексей','Леонидович','+7 (952) 439-91-07','','Антоненко Алексей Леонидович',''),(1111,'Жиленков','Александр','Алексеевич','+7 (910) 368-55-12','','Жиленков Александр Алексеевич',''),(1112,'Истомина','Лариса','Михайловна','+7 (915) 570-43-91','','Истомина Лариса Михайловна',''),(1113,'Скоков','Виктор','Николаевич','+7 (910) 225-54-69','','Скоков Виктор Николаевич',''),(1114,'Нестерова','Марина','Владимировна','+7 (915) 560-72-80','','Нестерова Марина Владимировна',''),(1115,'Калинский','Иван','Евгеньевич','+7 (903) 024-01-01','','Калинский Иван Евгеньевич',''),(1116,'Стреблянская','Алевтина','Леонидовна','+7 (905) 878-59-16','','Стреблянская Алевтина Леонидовна',''),(1117,'Скуридин','Сергей','Иванович','+7 (903) 642-98-56','','Скуридин Сергей Иванович',''),(1118,'Кузьмина','Олеся','Олеговна','+7 (951) 144-41-00','','Кузьмина Олеся Олеговна',''),(1119,'Киреев','Руслан','Владимирович','+7 (910) 321-04-06','','Киреев Руслан Владимирович',''),(1120,'Лаврентьев','Александр','Сергеевич','+7 (904) 086-95-92','','Лаврентьев Александр Сергеевич',''),(1121,'Некрасова','Мирослава','Григорьевна','+7 (910) 360-19-35','','Некрасова Мирослава Григорьевна',''),(1122,'Капустин','Виктор','Николаевич','+7 (915) 521-41-50','','Капустин Виктор Николаевич',''),(1123,'Котенев','Олег','Александрович','+7 (910) 327-70-90','','Котенев Олег Александрович',''),(1124,'Шаповалов','.','.','+7 (903) 884-37-84','','Шаповалов . .',''),(1125,'Дроздова','Ирина','Андреевна','+7 (980) 387-88-15','','Дроздова Ирина Андреевна',''),(1126,'Яковенко','Раиса','Федоровна','+7 (905) 670-84-58','','Яковенко Раиса Федоровна',''),(1127,'Петров','Александр','Васильевич','+7 (915) 560-27-24','','Петров Александр Васильевич',''),(1128,'Мелихова','Инна','Николаевна','+7 (909) 205-58-56','','Мелихова Инна Николаевна',''),(1129,'Еремин','Максим','Игоревич','+7 (903) 886-22-54','','Еремин Максим Игоревич',''),(1130,'Рыженко','Татьяна','Петровна','+7 (919) 227-07-73','','Рыженко Татьяна Петровна',''),(1131,'Варченко','Елена','Александровна','+7 (951) 145-70-17','','Варченко Елена Александровна',''),(1132,'Рудако','Алексей','Васильевич','+7 (919) 228-33-34','','Рудако Алексей Васильевич',''),(1133,'Проскурин','Алексей','Геннадьевич','+7 (950) 713-82-75','','Проскурин Алексей Геннадьевич',''),(1134,'Прочаковская','Зоя','Петровна','+7 (961) 170-82-07','','Прочаковская Зоя Петровна',''),(1135,'Космаков','Сергей','Викторович','+7 (915) 571-50-46','','Космаков Сергей Викторович',''),(1136,'Долбенко','Наталья','Анатольевна','+7 (919) 283-80-00','','Долбенко Наталья Анатольевна',''),(1137,'Федоров','Станислав','Анатольевич','+7 (951) 155-44-33','','Федоров Станислав Анатольевич',''),(1138,'Быкова','Светлана','Анатольевна','+7 (910) 745-86-05','','Быкова Светлана Анатольевна',''),(1139,'Мегина','Любовь','Алексеевна','+7 (919) 283-78-78','','Мегина Любовь Алексеевна',''),(1140,'Лыкова','Анжела','Леонидовна','+7 (951) 762-19-17','','Лыкова Анжела Леонидовна',''),(1141,'Лопатина','Людмила','Викторовна','+7 (960) 626-17-42','','Лопатина Людмила Викторовна',''),(1142,'Захарова','Наталья','Васильевна','+7 (910) 325-26-40','','Захарова Наталья Васильевна',''),(1143,'Сидельников','Артем','Иванович','+7 (960) 637-87-72','','Сидельников Артем Иванович',''),(1144,'Макаренко','Клавдия','Валеоьевна','+7 (905) 678-44-44','','Макаренко Клавдия Валеоьевна',''),(1145,'Бабанин','Сергей','Николаевич','+7 (910) 367-02-29','','Бабанин Сергей Николаевич',''),(1146,'Токарева','Анастасия','Владимировна','+7 (951) 133-31-91','','Токарева Анастасия Владимировна',''),(1147,'Малыхин','Леонид','Викторович','+7 (950) 717-03-95','','Малыхин Леонид Викторович',''),(1148,'Буркова','Виктория','Николаевна','+7 (980) 385-79-23','','Буркова Виктория Николаевна',''),(1149,'Щекин','Олег','Иванович','+7 (910) 327-41-11','','Щекин Олег Иванович',''),(1150,'Рухницкая','Елена','Петровна','+7 (960) 633-57-60','','Рухницкая Елена Петровна',''),(1151,'Крошкина','Ксения','Тарасовна','+7 (929) 003-97-80','','Крошкина Ксения Тарасовна',''),(1152,'Лыкова','Ольга','Владимировна','+7 (904) 086-31-32','','Лыкова Ольга Владимировна',''),(1153,'Фомин','Александр','Петрович','+7 (920) 555-53-93','','Фомин Александр Петрович',''),(1154,'Фадеева','Валентина','В.','+7 (906) 602-49-24','','Фадеева Валентина В.',''),(1155,'Моргунова','Светлана','Ивановна','+7 (909) 201-79-48','','Моргунова Светлана Ивановна',''),(1156,'Тутова','Юлия','Станиславовна','+7 (905) 171-27-27','','Тутова Юлия Станиславовна',''),(1157,'Пузанова','Елена','Викторовна','+7 (908) 788-98-86','','Пузанова Елена Викторовна',''),(1158,'Демина','Татьяна','Григорьевна','+7 (909) 204-81-81','','Демина Татьяна Григорьевна',''),(1159,'Ачкасова','Эллада','Ивановна','+7 (910) 224-43-48','','Ачкасова Эллада Ивановна',''),(1160,'Разинкова','Ирина','Геннадьевна','+7 (904) 081-98-18','','Разинкова Ирина Геннадьевна',''),(1161,'Алексеев','Михаил','Петрович','+7 (910) 225-48-53','','Алексеев Михаил Петрович',''),(1162,'Шульженко','Елена','Михайловна','+7 (960) 636-89-51','','Шульженко Елена Михайловна',''),(1163,'Нагорнов','Евгений','Валерьевич','+7 (910) 736-79-38','','Нагорнов Евгений Валерьевич',''),(1164,'Попов','Игорь','Валерьянович','+7 (910) 228-62-77','','Попов Игорь Валерьянович',''),(1165,'Попонина','Елена','Вдладимировна','+7 (919) 431-49-66','','Попонина Елена Вдладимировна',''),(1166,'Весельева','Виктория','Юрьевна','+7 (951) 760-55-21','','Весельева Виктория Юрьевна',''),(1167,'Чурсина','Марина','Васильевна','+7 (951) 145-98-64','','Чурсина Марина Васильевна',''),(1168,'Ладченко','Юлия','Владимировна','+7 (929) 002-97-49','','Ладченко Юлия Владимировна',''),(1169,'Локтева','Лариса','Николаевна','+7 (919) 227-56-74','','Локтева Лариса Николаевна',''),(1170,'Рожук','Александр','Алексеевич','+7 (920) 555-80-75','','Рожук Александр Алексеевич',''),(1171,'Хацкевич','Андрей','Вадимович','+7 (904) 530-36-21','','Хацкевич Андрей Вадимович',''),(1172,'Амелин','Юрий','Николаевич','+7 (915) 578-52-62','','Амелин Юрий Николаевич',''),(1173,'Патанов','Владимир','Михайлович','+7 (910) 745-49-78','','Патанов Владимир Михайлович',''),(1174,'Савосько','Мария','Николаевна','+7 (920) 598-81-02','','Савосько Мария Николаевна',''),(1175,'Щупин','Олег','Николаевич','+7 (905) 675-81-36','','Щупин Олег Николаевич',''),(1176,'Ермолова','Елена','Владимировна','+7 (951) 765-26-72','','Ермолова Елена Владимировна',''),(1177,'Ламонова','Ирина','Николаевна','+7 (950) 710-99-14','','Ламонова Ирина Николаевна',''),(1178,'Батищева','Татьяна','Николаевна','+7 (951) 145-48-37','','Батищева Татьяна Николаевна',''),(1179,'Батищев','Александр','Васильевич','+7 (920) 575-69-66','','Батищев Александр Васильевич',''),(1180,'Дергилева','Екатерина','Андреевна','+7 (908) 787-73-51','','Дергилева Екатерина Андреевна',''),(1181,'Данилова','Валентина','Николаевна','+7 (951) 764-73-08','','Данилова Валентина Николаевна',''),(1182,'Зотов','Евгений','Барисович','+7 (916) 067-60-00','','Зотов Евгений Барисович',''),(1183,'Болдырева','Мария','Николаевна','+7 (951) 132-98-92','','Болдырева Мария Николаевна',''),(1184,'Шарданова','Элеанора','Павловна','','-','Шарданова Элеанора Павловна',''),(1185,'Кострубова','Валентина','Васильевна','+7 (905) 171-19-71','','Кострубова Валентина Васильевна',''),(1186,'Пряженцев','Сергей','Иванович','+7 (910) 327-57-42','','Пряженцев Сергей Иванович',''),(1187,'Севрюкова','Наталья','Александровна','+7 (919) 431-77-61','','Севрюкова Наталья Александровна',''),(1188,'Петров','Роман','Викторович','+7 (951) 762-05-50','','Петров Роман Викторович',''),(1189,'Емелин','Василий','Алексеевич','+7 (951) 138-62-25','','Емелин Василий Алексеевич',''),(1190,'Ботвиньева','Таисия','Григорьевна','+7 (915) 565-07-34','','Ботвиньева Таисия Григорьевна',''),(1191,'Виба','Анастасия','Николаевна','+7 (950) 717-58-08','','Виба Анастасия Николаевна',''),(1192,'Волобуев','Леонид','Анатольевич','','-','Волобуев Леонид Анатольевич',''),(1193,'Китова','Лариса','Валерьевна','+7 (919) 228-63-73','','Китова Лариса Валерьевна',''),(1194,'Савельева','Любовь','Александровна','+7 (951) 762-51-99','','Савельева Любовь Александровна',''),(1195,'Мандрощенко','Наталья','Сергеевна','+7 (920) 205-24-93','','Мандрощенко Наталья Сергеевна',''),(1196,'Якушенова','Людмила','Болеславовна','+7 (919) 431-54-56','','Якушенова Людмила Болеславовна',''),(1197,'Копарев','Александр','Сергеевич','+7 (920) 580-95-16','','Копарев Александр Сергеевич',''),(1198,'Марунько','Алексей','Иванович','+7 (904) 538-24-50','','Марунько Алексей Иванович',''),(1199,'Каменева','Елена','Николаевна','+7 (910) 363-17-32','','Каменева Елена Николаевна',''),(1200,'Голева','Татьяна','Викторовна','+7 (960) 636-98-96','','Голева Татьяна Викторовна',''),(1201,'Красикова','Надежда','Ивановна','+7 (910) 361-68-21','','Красикова Надежда Ивановна',''),(1202,'Халтобина','Наталья','Николаевна','+7 (920) 202-10-25','','Халтобина Наталья Николаевна',''),(1203,'Печенкина','Наталья','Васильевна','+7 (909) 209-45-99','','Печенкина Наталья Васильевна',''),(1204,'Дятлов','Иван','Федорович','+7 (905) 672-86-15','','Дятлов Иван Федорович',''),(1205,'Аксимова','Наталья','Николаевна','+7 (904) 092-09-49','','Аксимова Наталья Николаевна',''),(1206,'Масловский','Владимир','Иванович','','-','Масловский Владимир Иванович',''),(1207,'Ковин','Александр','Алексеевич','+7 (950) 715-41-25','','Ковин Александр Алексеевич',''),(1208,'Шефер','Александр','Федорович','+7 (905) 675-39-47','','Шефер Александр Федорович',''),(1209,'Гикова','Татьяна','Константиновна','+7 (908) 786-28-81','','Гикова Татьяна Константиновна',''),(1210,'Ряполов','Сергей','Александрович','+7 (950) 717-78-35','','Ряполов Сергей Александрович',''),(1211,'Путилова','Татьяна','Николаевна','+7 (909) 209-53-32','','Путилова Татьяна Николаевна',''),(1212,'Быкова','Вера','Матвеевна','+7 (910) 228-26-48','','Быкова Вера Матвеевна',''),(1213,'Горожанкина','Ирина','Владимировна','+7 (951) 132-22-48','','Горожанкина Ирина Владимировна',''),(1214,'Шагалова','Надежда','Александровна','+7 (920) 563-71-29','','Шагалова Надежда Александровна',''),(1215,'Малыхина','Тамара','Кирилловна','','44-19-96','Малыхина Тамара Кирилловна',''),(1216,'Чеснов','Сергей','Юрьевич','+7 (952) 424-01-29','','Чеснов Сергей Юрьевич',''),(1217,'Лустин','Сергей','Федорович','+7 (908) 788-33-07','','Лустин Сергей Федорович',''),(1218,'Кириченко','Эльвира','Эдуардовна','+7 (951) 148-98-90','','Кириченко Эльвира Эдуардовна',''),(1219,'Лукянов','Николай','Николаевич','','40-34-01','Лукянов Николай Николаевич',''),(1220,'Малахова','Юлия','Валерьевна','+7 (910) 322-57-91','','Малахова Юлия Валерьевна',''),(1221,'Борисенко','Александр','Александрович','+7 (920) 565-26-81','','Борисенко Александр Александрович',''),(1222,'Колюпанов','Владислав','Николаевич','+7 (910) 327-10-35','','Колюпанов Владислав Николаевич',''),(1223,'Корховая','Татьяна','Ивановна','+7 (920) 525-70-09','','Корховая Татьяна Ивановна',''),(1224,'Бурцева','Екатерина','Павловна','+7 (915) 525-05-49','','Бурцева Екатерина Павловна',''),(1225,'Коршикова','Евгения','Сергеевна','+7 (952) 428-13-57','','Коршикова Евгения Сергеевна',''),(1226,'Булгаков','Игорь','Сергеевич','+7 (904) 092-63-99','','Булгаков Игорь Сергеевич',''),(1227,'Тарасенко','Иван','Владимирович','+7 (952) 423-60-99','','Тарасенко Иван Владимирович',''),(1228,'Андрющенко','Татьяна','Васильевна','','-','Андрющенко Татьяна Васильевна',''),(1229,'Самойлова','Зоя','Михайловна','','24-48-28','Самойлова Зоя Михайловна',''),(1230,'Иванова','Светлана','Сергеевна','+7 (905) 672-73-74','','Иванова Светлана Сергеевна',''),(1231,'Семенова','Наталья','Викторовна','+7 (915) 526-99-60','','Семенова Наталья Викторовна',''),(1232,'Панкова','Светлана','Васильевна','+7 (919) 282-48-55','','Панкова Светлана Васильевна',''),(1233,'Хадеева','Валентина','Семеновна','+7 (950) 714-34-35','','Хадеева Валентина Семеновна',''),(1234,'Амерова','Ольга','Владимировна','+7 (910) 326-58-44','','Амерова Ольга Владимировна',''),(1235,'Огритов','Иван','Иванович','+7 (904) 536-15-34','','Огритов Иван Иванович',''),(1236,'Астанина','Ольга','Николаевна','+7 (910) 225-75-54','','Астанина Ольга Николаевна',''),(1237,'Винюкова','Нина','Леонидовна','+7 (910) 227-86-06','','Винюкова Нина Леонидовна',''),(1238,'Сильченко','Ирина','Александровна','+7 (920) 205-68-90','','Сильченко Ирина Александровна',''),(1239,'Щербаков','Алексей','Юрьевич','+7 (951) 132-64-06','','Щербаков Алексей Юрьевич',''),(1240,'Вороненкова','Ольга','Владимировна','+7 (915) 576-94-66','','Вороненкова Ольга Владимировна',''),(1241,'Костробова','Валентина','Васильевна','+7 (905) 171-19-71','','Костробова Валентина Васильевна',''),(1242,'Грабельникова','Анна','Владимировна','+7 (906) 603-17-15','','Грабельникова Анна Владимировна',''),(1243,'Жидких','Галина','Митрофановна','+7 (920) 570-61-05','','Жидких Галина Митрофановна',''),(1244,'Черникова','Светлана','Владимировна','+7 (910) 361-25-94','','Черникова Светлана Владимировна',''),(1245,'Коваль','Татьяна','Ивановна','+7 (910) 223-96-00','','Коваль Татьяна Ивановна',''),(1246,'Черных','Надежда','Ивановна','+7 (980) 320-20-31','','Черных Надежда Ивановна',''),(1247,'Климова','Наталья','Геннадьевна','+7 (908) 786-06-74','','Климова Наталья Геннадьевна',''),(1248,'Ульянова','Татьяна','Геннадьевна','+7 (920) 567-15-20','','Ульянова Татьяна Геннадьевна',''),(1249,'Котарева','Екатерина','Юрьевна','+7 (960) 636-19-05','','Котарева Екатерина Юрьевна',''),(1250,'Иванов','Евгений','Сергеевич','+7 (920) 562-08-99','','Иванов Евгений Сергеевич',''),(1251,'Сидельников','Роман','Дмитриевич','+7 (920) 592-47-74','','Сидельников Роман Дмитриевич',''),(1252,'Казаева','Регина','Рафаэльевна','+7 (915) 521-22-48','','Казаева Регина Рафаэльевна',''),(1253,'Сиполайнен','Алексей','Викторович','+7 (961) 173-19-82','','Сиполайнен Алексей Викторович',''),(1254,'Рощупкин','Вячеслав','Александрович','+7 (980) 329-28-89','','Рощупкин Вячеслав Александрович',''),(1255,'Лоскова','Людмила','Александровна','+7 (980) 522-71-98','','Лоскова Людмила Александровна',''),(1256,'Щербакова','Елена','Владимировна','+7 (951) 141-51-55','','Щербакова Елена Владимировна',''),(1257,'Скороходов','Василий','Васильевич','+7 (903) 884-21-62','','Скороходов Василий Васильевич',''),(1258,'ООО','ТК Актив','Черноземья','','420500','ООО ТК Актив Черноземья',''),(1259,'Коршикова','Евгения','Ивановна','+7 (980) 325-34-11','','Коршикова Евгения Ивановна',''),(1260,'Зубок','Екатерина','Васильевна','+7 (915) 522-34-02','','Зубок Екатерина Васильевна',''),(1261,'Мушинская','Светлана','Николаевна','+7 (904) 085-95-83','','Мушинская Светлана Николаевна',''),(1262,'Борисюк','Алексей','Алексеевич','+7 (915) 575-93-05','','Борисюк Алексей Алексеевич',''),(1263,'Шилкова','Виктория','Александровна','+7 (905) 676-95-20','','Шилкова Виктория Александровна',''),(1264,'Бусловский','Александр','Стефанович','+7 (915) 573-01-68','','Бусловский Александр Стефанович',''),(1265,'Денисова','Татьяна','Анатольевна','+7 (951) 767-94-28','','Денисова Татьяна Анатольевна',''),(1266,'Медведев','Сергей','Геннадьевич','+7 (915) 573-96-86','','Медведев Сергей Геннадьевич',''),(1267,'Шатохин','Александр','Викторович','','','Шатохин Александр Викторович',''),(1268,'Емельянов','Дмитрий','Витальевич','+7 (920) 202-62-76','','Емельянов Дмитрий Витальевич',''),(1269,'Харченко','Юрий','Борисович','+7 (904) 084-50-47','','Харченко Юрий Борисович',''),(1270,'Донец','Татьяна','Анатольевна','+7 (915) 579-70-73','','Донец Татьяна Анатольевна',''),(1271,'Смирнов','Владимир','Сергеевич','+7 (926) 688-28-98','','Смирнов Владимир Сергеевич',''),(1272,'Тарасов','Сергей','Алексеевич','+7 (903) 885-25-75','','Тарасов Сергей Алексеевич',''),(1273,'Двинина','Ольга','Михайловна','+7 (952) 428-03-74','','Двинина Ольга Михайловна',''),(1274,'О','ОО','Стойлянка','','241007','О ОО Стойлянка',''),(1275,'Филатова','Надежда','Васильевна','+7 (919) 228-58-30','','Филатова Надежда Васильевна',''),(1276,'Долбенко','Наталья','Анатольевна','+7 (919) 283-80-00','','Долбенко Наталья Анатольевна',''),(1277,'О','ОО','Стойлянка','','241007','О ОО Стойлянка',''),(1278,'О','ОО','Стойлянка','','241007','О ОО Стойлянка',''),(1279,'Суворова','Марина','Николаевна','+7 (920) 555-35-47','','Суворова Марина Николаевна',''),(1280,'Мерзликин','Александр','Михайлович','+7 (980) 328-14-90','','Мерзликин Александр Михайлович',''),(1281,'Чехонадских','Дмитрий','Викторович','+7 (915) 563-22-59','','Чехонадских Дмитрий Викторович',''),(1282,'Боева','Ольга','Николаевна','+7 (905) 673-49-49','','Боева Ольга Николаевна',''),(1283,'Раздобудько','Лидия','Васильевна','+7 (915) 574-33-98','','Раздобудько Лидия Васильевна',''),(1284,'Колесникова','Наталья','Михайловна','+7 (910) 362-88-51','','Колесникова Наталья Михайловна',''),(1285,'Чуриков','Александр','Васильевич','+7 (908) 785-11-22','','Чуриков Александр Васильевич',''),(1286,'Чернявская','Елена','Петровна','+7 (910) 745-46-70','','Чернявская Елена Петровна',''),(1287,'Пысина','Наталья','Александровна','+7 (915) 528-86-06','','Пысина Наталья Александровна',''),(1288,'Лукьянова','Ольга','Вениаминовна','+7 (910) 320-00-51','','Лукьянова Ольга Вениаминовна',''),(1289,'Обьедков','Георгий','Афанасьевич','','','Обьедков Георгий Афанасьевич',''),(1290,'Соклаков','Сергей','Николаевич','+7 (951) 148-57-57','','Соклаков Сергей Николаевич',''),(1291,'Коршикова','Наталья','Васильевна','+7 (950) 416-23-08','','Коршикова Наталья Васильевна',''),(1292,'Ковалёва','Елена','Донатовна','+7 (920) 551-26-97','','Ковалёва Елена Донатовна',''),(1293,'Бондаренко','Елена','Евгеньевна','+7 (904) 535-93-76','','Бондаренко Елена Евгеньевна',''),(1294,'Кочка','Татьяна','Николаевна','+7 (904) 098-94-17','','Кочка Татьяна Николаевна',''),(1295,'Павлова','Елена','Викторовна','+7 (951) 130-72-95','','Павлова Елена Викторовна',''),(1296,'Пищик','Виталий','Евгеньевич','+7 (915) 560-67-93','','Пищик Виталий Евгеньевич',''),(1297,'Булыхтина','Наталья','Владимировна','+7 (951) 152-06-16','','Булыхтина Наталья Владимировна',''),(1298,'Траханова','Надежда','Николаевна','+7 (909) 203-20-94','','Траханова Надежда Николаевна',''),(1299,'Кретова','Виолетта','Викторовна','','447471','Кретова Виолетта Викторовна',''),(1300,'Скоморохов','Александр','Анатольевич','+7 (904) 084-70-44','','Скоморохов Александр Анатольевич',''),(1301,'Смирнова','Валентина','Николаевна','+7 (951) 133-31-75','','Смирнова Валентина Николаевна',''),(1302,'Аксенова','Елена','Валентиновна','+7 (915) 563-07-55','','Аксенова Елена Валентиновна',''),(1303,'Кальчик','Михаил','Георгиевич','','-','Кальчик Михаил Георгиевич',''),(1304,'Некипелова','Марина','Спартаковна','+7 (919) 286-24-71','','Некипелова Марина Спартаковна',''),(1305,'Гришина','Галина','Николаевна','+7 (960) 632-51-78','','Гришина Галина Николаевна',''),(1306,'Мельничук','Любовь','Валентиновна','+7 (980) 385-78-17','','Мельничук Любовь Валентиновна',''),(1307,'Халяпин','Константин','Владимирович','+7 (904) 097-08-44','','Халяпин Константин Владимирович',''),(1308,'Рындина','Валентина','Николаевна','+7 (910) 369-04-85','','Рындина Валентина Николаевна',''),(1309,'Королева','Любовь','Петровна','','40-29-19','Королева Любовь Петровна',''),(1310,'Соколова','Елена','Владимировна','+7 (904) 090-74-74','','Соколова Елена Владимировна',''),(1311,'Морхова','Анжелика','Николаевна','+7 (951) 135-04-81','','Морхова Анжелика Николаевна',''),(1312,'Боровская','Наталья','Петровна','+7 (980) 391-17-79','','Боровская Наталья Петровна',''),(1313,'Винюков','Дмитрий','Леонидович','+7 (910) 228-94-44','','Винюков Дмитрий Леонидович',''),(1314,'Булгакова','Светлана','Анатольевна','+7 (960) 640-25-45','','Булгакова Светлана Анатольевна',''),(1315,'Портнова','Ольга','Владимировна','+7 (951) 762-82-12','','Портнова Ольга Владимировна',''),(1316,'Решетникова','Галина','Георгиевна','+7 (951) 147-65-31','','Решетникова Галина Георгиевна',''),(1317,'Клочкова','Елена','Евгеньевна','+7 (908) 788-56-95','','Клочкова Елена Евгеньевна',''),(1318,'Иванова','Наталья','Евгеньевна','+7 (960) 626-33-95','','Иванова Наталья Евгеньевна',''),(1319,'Митряева','Ольга','Александровна','+7 (908) 785-80-16','','Митряева Ольга Александровна',''),(1320,'Дийорева','Лидия','Алексеевна','+7 (915) 570-03-81','','Дийорева Лидия Алексеевна',''),(1321,'Лаптева','Лилия','Юрьевна','+7 (960) 632-67-12','','Лаптева Лилия Юрьевна',''),(1322,'Власова','Алла','Александровна','+7 (951) 153-05-66','','Власова Алла Александровна',''),(1323,'Шорокова','Татьяна','Николаевна','+7 (952) 424-22-34','','Шорокова Татьяна Николаевна',''),(1324,'Васильева','Нона','Александровна','+7 (950) 717-38-77','','Васильева Нона Александровна',''),(1325,'Медюкова','Валентина','Борисовна','+7 (910) 369-20-99','','Медюкова Валентина Борисовна',''),(1326,'Баталова','Валентина','Ивановна','+7 (910) 328-86-05','','Баталова Валентина Ивановна',''),(1327,'Баталова','Валентина','Ивановна','+7 (910) 328-86-05','','Баталова Валентина Ивановна',''),(1328,'Гужова','Наталья','Александровна','+7 (904) 098-86-98','','Гужова Наталья Александровна',''),(1329,'Макаров','Денис','Леонидович','+7 (950) 712-46-10','','Макаров Денис Леонидович',''),(1330,'Шафрова','Анастасия','Петровна','+7 (915) 565-67-58','','Шафрова Анастасия Петровна',''),(1331,'Щебетун','Альбина','Сергеевна','+7 (950) 715-29-91','','Щебетун Альбина Сергеевна',''),(1332,'Сухоруков','Владимир','Николаевич','+7 (905) 677-57-94','','Сухоруков Владимир Николаевич',''),(1333,'Кузнецов','Игорь','Анатольевич','+7 (904) 537-11-62','','Кузнецов Игорь Анатольевич',''),(1334,'Срабкая','Светлана','Геннадьевна','+7 (951) 765-54-59','','Срабкая Светлана Геннадьевна',''),(1335,'Гольцева','Валентина','Николаевна','+7 (908) 789-15-12','','Гольцева Валентина Николаевна',''),(1336,'Волонитина','Тамара','Николаевна','','-','Волонитина Тамара Николаевна',''),(1337,'Климова','Александра','Эдуардовна','+7 (951) 763-12-48','','Климова Александра Эдуардовна',''),(1338,'Прибитнов','Дмитрий','Алксандрович','+7 (951) 135-83-33','','Прибитнов Дмитрий Алксандрович',''),(1339,'Арефкин','Александр','Евгеньевич','+7 (930) 090-10-08','','Арефкин Александр Евгеньевич',''),(1340,'Медведьева','Анна','Александровна','+7 (980) 387-98-90','','Медведьева Анна Александровна',''),(1341,'Гусева','Светлана','Николаевна','+7 (905) 171-24-90','','Гусева Светлана Николаевна',''),(1342,'Мерзлякова','Ольга','Михайловна','+7 (909) 208-13-57','','Мерзлякова Ольга Михайловна',''),(1343,'Шорстова','Наталья','Ивановна','+7 (904) 537-68-99','','Шорстова Наталья Ивановна',''),(1344,'Паничева','Юлия','Юрьевна','+7 (951) 141-82-98','','Паничева Юлия Юрьевна',''),(1345,'Котенева','Надежда','Ивановна','+7 (951) 132-98-42','','Котенева Надежда Ивановна',''),(1346,'Куделова','Виктория','Ивановна','+7 (910) 367-39-89','','Куделова Виктория Ивановна',''),(1347,'Колпакова','Ирина','Александровна','+7 (905) 672-79-78','','Колпакова Ирина Александровна',''),(1348,'Старокожев','Александр','Александрович','+7 (904) 536-12-20','','Старокожев Александр Александрович',''),(1349,'Ширяев','Максим','Александрович','+7 (908) 787-53-53','','Ширяев Максим Александрович',''),(1350,'Котенев','Сергей','Александрович','+7 (920) 561-29-45','','Котенев Сергей Александрович',''),(1351,'Максимова','Людмила','Петровна','+7 (924) 177-83-70','','Максимова Людмила Петровна',''),(1352,'Ведерникова','Татьяна','Владимировна','+7 (915) 573-08-83','','Ведерникова Татьяна Владимировна',''),(1353,'Штро','Евгений','Яковлевич','','47-07-53','Штро Евгений Яковлевич',''),(1354,'Ефимнко','Ирина','Николаевна','+7 (920) 204-62-12','','Ефимнко Ирина Николаевна',''),(1355,'Барьщева','Валентина','Васильевна','+7 (910) 360-73-51','','Барьщева Валентина Васильевна',''),(1356,'Мишина','Вера','Васильевна','+7 (960) 633-65-64','','Мишина Вера Васильевна',''),(1357,'Пейхваccер','Лариса','Викторовна','+7 (915) 522-99-92','','Пейхваccер Лариса Викторовна',''),(1358,'Томилина','Надежда','Александровна','+7 (980) 328-33-26','','Томилина Надежда Александровна',''),(1359,'Литвяков','Роман','Викторович','+7 (904) 091-37-63','','Литвяков Роман Викторович',''),(1360,'ООО \"Техноуниверсал\"','.','.','','42-01-26','ООО \"Техноуниверсал\" . .',''),(1361,'Савелов','Вениамин','Анатольевич','+7 (905) 171-71-96','','Савелов Вениамин Анатольевич',''),(1362,'Долгова','Ольга','Васильевна','+7 (952) 435-35-97','','Долгова Ольга Васильевна',''),(1363,'Артеменко','Елена','Николаевна','','43-38-51','Артеменко Елена Николаевна',''),(1364,'Аланкин','Максим','Николаевич','+7 (916) 152-02-01','','Аланкин Максим Николаевич',''),(1365,'Лебедев','В.','В.','','-','Лебедев В. В.',''),(1366,'Годовникова','К.','А.','','-','Годовникова К. А.',''),(1368,'Гардюшина','Е.','Е.','','-','Гардюшина Е. Е.',''),(1369,'Ситницкий','Александр','Сергеевич','+7 (952) 422-47-77','','Ситницкий Александр Сергеевич',''),(1370,'Нефедов','Сергей','Васильевич','+7 (920) 139-82-60','','Нефедов Сергей Васильевич',''),(1371,'Волобуев','Леонид','Анатольевич','+7 (910) 221-52-88','','Волобуев Леонид Анатольевич',''),(1372,'Коновалов','Дмитрий','Анатольевич','+7 (910) 228-27-18','','Коновалов Дмитрий Анатольевич',''),(1373,'Елина','Екатерина','Степановна','+7 (952) 428-97-99','','Елина Екатерина Степановна',''),(1374,'Борисюк','Елена','Владимировна','+7 (910) 327-81-48','','Борисюк Елена Владимировна',''),(1375,'.','.','.','','.','. . .',''),(1376,'Тимофеева','Олеся','Николаевна','+7 (951) 158-58-55','','Тимофеева Олеся Николаевна',''),(1377,'Кан','Ирина','Николаевна','+7 (915) 523-06-48','','Кан Ирина Николаевна',''),(1378,'Медведков','Алксандр','Владимирович','+7 (920) 572-52-61','','Медведков Алксандр Владимирович',''),(1379,'Азорнина','Евгения','Валерьевна','+7 (951) 132-12-03','','Азорнина Евгения Валерьевна',''),(1380,'Морева','Татьяна','Сергеевна','+7 (952) 424-76-97','','Морева Татьяна Сергеевна',''),(1381,'Будникова','Екатрина','Сергеевна','+7 (904) 538-12-88','','Будникова Екатрина Сергеевна',''),(1382,'Чижкова','Ольга','Леонидовна','+7 (910) 320-14-64','','Чижкова Ольга Леонидовна',''),(1383,'Часовских','Наталья','Леонидовна','+7 (908) 786-28-40','','Часовских Наталья Леонидовна',''),(1384,'Хорошева','Галина','Ивановна','+7 (920) 727-69-30','','Хорошева Галина Ивановна',''),(1385,'Криницин','Евгений','Анатольевич','+7 (950) 711-12-21','','Криницин Евгений Анатольевич',''),(1386,'Богданов','Владимир','Владимирович','+7 (903) 886-38-27','','Богданов Владимир Владимирович',''),(1387,'Сбитнева','Татьяна','Ивановна','+7 (920) 565-10-58','','Сбитнева Татьяна Ивановна',''),(1388,'Простакова','Е.','К.','+7 (960) 631-61-86','','Простакова Е. К.',''),(1389,'Лазаренко','Н.','В.','+7 (961) 170-68-60','','Лазаренко Н. В.',''),(1390,'Костюн','Анатолий','Гаврилович','','5-72-27','Костюн Анатолий Гаврилович',''),(1391,'Бондаренко','Н.','Н.','+7 (980) 320-12-24','','Бондаренко Н. Н.',''),(1392,'Ивлева','Н.','В.','+7 (908) 783-24-04','','Ивлева Н. В.',''),(1393,'Перепропова','В.','Ю.','+7 (962) 305-80-18','','Перепропова В. Ю.',''),(1394,'Рыка','Татьяна','Ивановна','+7 (906) 603-50-67','','Рыка Татьяна Ивановна',''),(1396,'.','Раиса','Семеновна','+7 (920) 593-01-11','','. Раиса Семеновна',''),(1397,'Чуева','И.','В.','+7 (960) 626-83-71','','Чуева И. В.',''),(1398,'Новикова','Елена','Савельевна','+7 (950) 714-48-80','','Новикова Елена Савельевна',''),(1400,'Мирошниченко','Т.','М.','+7 (908) 789-68-88','','Мирошниченко Т. М.',''),(1401,'Толстологова','Н.','П.','+7 (960) 628-44-34','','Толстологова Н. П.',''),(1402,'Пашенко','Е.','В.','+7 (910) 221-17-93','','Пашенко Е. В.',''),(1403,'Чигрен','А.','С.','+7 (950) 713-96-15','','Чигрен А. С.',''),(1404,'Максименко','В.','Ф.','+7 (951) 766-15-92','','Максименко В. Ф.',''),(1405,'Муратова','Г.','М.','+7 (904) 538-83-89','','Муратова Г. М.',''),(1406,'Краус','Анжелика','Николаевна','+7 (904) 539-72-67','','Краус Анжелика Николаевна',''),(1407,'Яковлева','Л.','М.','+7 (906) 607-54-31','','Яковлева Л. М.',''),(1408,'.','Виктория','.','+7 (904) 086-58-13','','. Виктория .',''),(1409,'Огородникова','Е.','Г.','+7 (920) 205-68-83','','Огородникова Е. Г.',''),(1410,'Серых','Татьяна','Александровна','+7 (915) 569-46-83','','Серых Татьяна Александровна',''),(1411,'Ковалева','Юлия','.','+7 (980) 377-71-96','','Ковалева Юлия .',''),(1412,'Бондаренко','А.','Г.','+7 (904) 533-72-77','','Бондаренко А. Г.',''),(1413,'Захарова','О.','С.','+7 (980) 374-68-50','','Захарова О. С.',''),(1414,'Андреев','И.','А.','+7 (951) 762-71-19','','Андреев И. А.',''),(1415,'Шевцов','А.','И.','+7 (920) 557-56-05','','Шевцов А. И.',''),(1416,'Миронова','В.','Я.','+7 (950) 711-60-97','','Миронова В. Я.',''),(1417,'Пуликина','М.','Д.','+7 (960) 640-40-74','','Пуликина М. Д.',''),(1418,'Харченко','О.','В.','+7 (952) 433-45-39','','Харченко О. В.',''),(1419,'Капустина','С.','И.','+7 (904) 089-33-17','','Капустина С. И.',''),(1420,'Нелжмакова','А.','В.','+7 (908) 787-04-52','','Нелжмакова А. В.',''),(1421,'Ситнянская','И.','С.','+7 (951) 131-48-68','','Ситнянская И. С.',''),(1422,'Левыкин','Семен','Игоревич','+7 (915) 528-65-21','','Левыкин Семен Игоревич',''),(1423,'Кузнецова','Людмила','Ивановна','+7 (919) 436-77-05','','Кузнецова Людмила Ивановна',''),(1424,'Черникова','Ольга','Петровна','+7 (961) 166-66-69','','Черникова Ольга Петровна',''),(1425,'Лапкина','Любовь','Васильевна','+7 (961) 173-44-50','','Лапкина Любовь Васильевна',''),(1426,'Найданова','Елена','Абдулкадыровна','+7 (910) 324-59-56','','Найданова Елена Абдулкадыровна',''),(1427,'Александрова','Анастасия','Петровна','+7 (951) 151-26-75','','Александрова Анастасия Петровна',''),(1428,'Рахманина','Любовь','Алексеевна','+7 (951) 137-24-82','','Рахманина Любовь Алексеевна',''),(1429,'Мерцалов','Владимир','Александрович','+7 (960) 630-12-84','','Мерцалов Владимир Александрович',''),(1430,'Клюка','Константин','Олегович','','','Клюка Константин Олегович',''),(1431,'Кулик','Марина','Александровна','+7 (910) 327-54-72','','Кулик Марина Александровна',''),(1432,'Апанская','Оксана','Валентиновна','+7 (904) 080-66-11','','Апанская Оксана Валентиновна',''),(1433,'Кононенко','Виталий','Николаевич','+7 (910) 327-87-96','','Кононенко Виталий Николаевич',''),(1434,'Павленкова','Елена','Борисовна','+7 (920) 581-65-15','','Павленкова Елена Борисовна',''),(1435,'Милькина','Татьяна','Николаевна','+7 (952) 432-76-21','','Милькина Татьяна Николаевна',''),(1436,'Поздняков','Алексей','Николаевич','+7 (910) 326-42-91','','Поздняков Алексей Николаевич',''),(1437,'Тычинина','Наталья','Анатольевна','+7 (922) 250-40-46','','Тычинина Наталья Анатольевна',''),(1438,'Зинов','Денис','Александрович','+7 (905) 879-14-75','','Зинов Денис Александрович',''),(1439,'Санев','Игорь','Владимирович','+7 (919) 432-00-53','','Санев Игорь Владимирович',''),(1440,'Гордеева','Елена','Александровна','','','Гордеева Елена Александровна',''),(1441,'Зиновьева','Ольга','Викторовна','+7 (951) 137-88-05','','Зиновьева Ольга Викторовна',''),(1442,'Франц','Татьяна','Викторовна','+7 (904) 537-85-05','','Франц Татьяна Викторовна',''),(1443,'Матнус','Ольга','Павловна','','250525','Матнус Ольга Павловна',''),(1444,'Самойлова','Ольга','Ивановна','+7 (906) 567-14-64','','Самойлова Ольга Ивановна',''),(1445,'Шевченко ','Сергей','Николаевич','+7 (910) 741-01-24','','Шевченко  Сергей Николаевич',''),(1446,'Дягилев','Вячеслав','Владимирович','+7 (915) 520-75-83','','Дягилев Вячеслав Владимирович',''),(1447,'Столерова','Регина','Рамилевна','+7 (920) 202-00-44','','Столерова Регина Рамилевна',''),(1448,'Асохин','С.','А.','+7 (950) 711-62-62','','Асохин С. А.',''),(1449,'Гусаков','В.','С.','+7 (904) 530-70-05','','Гусаков В. С.',''),(1450,'Жидченко','Т.','З.','+7 (915) 578-39-74','','Жидченко Т. З.',''),(1451,'.','Марина','.','+7 (961) 166-46-00','','. Марина .',''),(1452,'Панова','Аленна','.','+7 (915) 729-35-90','','Панова Аленна .',''),(1453,'Комсова','А.','Г.','+7 (952) 425-98-01','','Комсова А. Г.',''),(1454,'Руденко','А.','И.','+7 (919) 439-98-58','','Руденко А. И.',''),(1455,'.','Раиса','Семеновна','+7 (951) 762-05-70','','. Раиса Семеновна',''),(1456,'Щербакова','О.','И.','+7 (904) 093-69-66','','Щербакова О. И.',''),(1458,'Шелухина','Елена','Ивановна','+7 (910) 326-39-58','','Шелухина Елена Ивановна',''),(1459,'Бредихина','Е.','Л.','+7 (908) 785-65-78','','Бредихина Е. Л.',''),(1460,'Сорокина','Алеся','Игоревна','+7 (910) 325-46-14','','Сорокина Алеся Игоревна',''),(1461,'Бессорабова','Дарья','Анатольевна','+7 (951) 154-01-29','','Бессорабова Дарья Анатольевна',''),(1462,'Плотникова','Татьяна','Михайловна','+7 (904) 538-15-05','','Плотникова Татьяна Михайловна',''),(1463,'Емельянова','Виктория','Юрьевна','+7 (915) 525-97-65','','Емельянова Виктория Юрьевна',''),(1464,'Ткаченко','Нина','Ивановна','+7 (909) 208-77-71','','Ткаченко Нина Ивановна',''),(1465,'Козловская','Лариса','Анатольевна','+7 (904) 089-04-19','','Козловская Лариса Анатольевна',''),(1466,'Давидов','Алексей','Петрович','','25-89-93','Давидов Алексей Петрович',''),(1467,'Ротова','Татьяна','Дмитриевна','','24-28-26','Ротова Татьяна Дмитриевна',''),(1468,'Объедкова','Светлана','Федоровна','+7 (915) 574-39-56','','Объедкова Светлана Федоровна',''),(1469,'Медведев','Александр','Юрьевич','+7 (960) 639-16-08','','Медведев Александр Юрьевич',''),(1470,'Подкопаева','Оксана','Николаевна','+7 (960) 640-25-38','','Подкопаева Оксана Николаевна',''),(1471,'Подкопаева','Оксана','Николаевна','+7 (960) 640-25-38','','Подкопаева Оксана Николаевна',''),(1472,'Долгов','Анатолий','Николаевич','+7 (905) 172-29-88','','Долгов Анатолий Николаевич',''),(1473,'Аржавичная','Галина','Сергеевна','','24-74-04','Аржавичная Галина Сергеевна',''),(1474,'Еремейчук','Валентина','Ивановна','','24-99-95','Еремейчук Валентина Ивановна',''),(1475,'Проскурин','Алексей','Николаевич','+7 (910) 220-88-87','','Проскурин Алексей Николаевич',''),(1476,'Смирнова','Раиса','Владимировна','+7 (906) 601-38-42','','Смирнова Раиса Владимировна',''),(1477,'Сдержикова','Ирина','.','+7 (960) 629-03-55','','Сдержикова Ирина .',''),(1478,'Коншина','Светлана','Васильевна','+7 (951) 760-00-18','','Коншина Светлана Васильевна',''),(1479,'Монаков','Владимир','Иванович','+7 (920) 209-41-14','','Монаков Владимир Иванович',''),(1480,'Монаков','Владимир','Иванович','+7 (920) 209-41-14','','Монаков Владимир Иванович',''),(1481,'Дорожко','Олег','Васильевич','+7 (910) 328-30-33','','Дорожко Олег Васильевич',''),(1482,'Филагина','Мария','Прокофьевна','+7 (951) 763-47-71','','Филагина Мария Прокофьевна',''),(1483,'Мончинская','Наталья','Борисовна','','22-08-26','Мончинская Наталья Борисовна',''),(1484,'Комисарова','Валентина','Николаевна','+7 (910) 366-94-98','','Комисарова Валентина Николаевна',''),(1485,'Проскурина','Анастасия','Александровна','+7 (951) 769-12-29','','Проскурина Анастасия Александровна',''),(1486,'Мименкович','С.','Я.','+7 (960) 632-32-30','','Мименкович С. Я.',''),(1487,'Жилинская','Мария','Григорьевна','+7 (908) 781-87-66','','Жилинская Мария Григорьевна',''),(1488,'Бельских','Валентина','Егоровна','+7 (951) 136-80-11','','Бельских Валентина Егоровна',''),(1489,'Богданова','Елена','.','+7 (950) 710-05-19','','Богданова Елена .',''),(1490,'Сурин','Александр','Валерьевич','+7 (920) 567-04-94','','Сурин Александр Валерьевич',''),(1491,'Кононова','Юлия','Валерьевна','+7 (980) 322-98-58','','Кононова Юлия Валерьевна',''),(1492,'Носаченко','Нина','Максимовна','','40-02-50','Носаченко Нина Максимовна',''),(1493,'Санина','Людмила','Викторовна','+7 (910) 225-56-77','','Санина Людмила Викторовна',''),(1494,'Грицких','Надежда','Глебовна','+7 (905) 672-73-42','','Грицких Надежда Глебовна',''),(1495,'Москаленко','Елена','Михайловна','+7 (908) 788-82-38','','Москаленко Елена Михайловна',''),(1496,'Майоров','Игорь','Геннадьевич','+7 (910) 364-11-08','','Майоров Игорь Геннадьевич',''),(1497,'Костров','Сергей','Александрович','+7 (910) 226-68-09','','Костров Сергей Александрович',''),(1498,'Абышева','Анна','Васильевна','+7 (905) 670-98-03','','Абышева Анна Васильевна',''),(1499,'Золотых ','Раиса','Гавриловна','','','Золотых  Раиса Гавриловна',''),(1500,'Золотых ','Раиса','Гавриловна','+7 (951) 137-97-92','','Золотых  Раиса Гавриловна',''),(1501,'Олейникова','Наталья','Григорьевна','+7 (919) 432-26-55','','Олейникова Наталья Григорьевна',''),(1502,'Шеншин','Алексей','Павлович','+7 (910) 361-12-77','','Шеншин Алексей Павлович',''),(1503,'Балбянина','Наталья','Александровна','+7 (960) 632-88-34','','Балбянина Наталья Александровна',''),(1504,'Макаров','Игорь','Юрьевич','+7 (950) 716-60-70','','Макаров Игорь Юрьевич',''),(1505,'Макаров','Игорь','Юрьевич','+7 (950) 716-60-70','','Макаров Игорь Юрьевич',''),(1506,'Митрофанова','Светлана','Васильевна','+7 (904) 537-41-14','','Митрофанова Светлана Васильевна',''),(1507,'Новиков','Денис','Сергеевич','+7 (910) 362-86-04','','Новиков Денис Сергеевич',''),(1508,'Королёва','Любовь','Петровна','+7 (920) 209-55-48','','Королёва Любовь Петровна',''),(1509,'Благодатная','Татьяна','Ивановна','+7 (920) 204-91-79','','Благодатная Татьяна Ивановна',''),(1510,'Кандибян','Дмитрий','Викторович','+7 (951) 768-79-25','','Кандибян Дмитрий Викторович',''),(1511,'Клюгерова','Татьяна','Ильинична','+7 (905) 676-03-91','','Клюгерова Татьяна Ильинична',''),(1512,'Михайлова','Ольга','Васильевна','+7 (904) 539-72-70','','Михайлова Ольга Васильевна',''),(1513,'Рягилева','Лидия','Михайловна','+7 (910) 324-58-67','','Рягилева Лидия Михайловна',''),(1514,'Черных','Петр','Николаевич','+7 (905) 879-17-40','','Черных Петр Николаевич',''),(1515,'Гришаев','Александр','.','+7 (951) 766-09-14','','Гришаев Александр .',''),(1516,'Саричева','Елена','Владимировна','+7 (919) 224-28-29','','Саричева Елена Владимировна',''),(1517,'Масалов','Алексей','Валентинович','+7 (910) 326-49-38','','Масалов Алексей Валентинович',''),(1518,'Агафонова','Елена','Александровна','+7 (910) 363-24-02','','Агафонова Елена Александровна',''),(1519,'Гончарова','Лилия','Петровна','+7 (961) 166-58-52','','Гончарова Лилия Петровна',''),(1520,'Горшков','Андрей','Иванович','+7 (910) 226-32-87','','Горшков Андрей Иванович',''),(1521,'Гришин','Александр','Борисович','+7 (905) 671-12-89','','Гришин Александр Борисович',''),(1522,'Романова','Юлия','Константиновна','+7 (952) 423-03-68','','Романова Юлия Константиновна',''),(1523,'Гранкина','Ирина','Геннадьевна','+7 (910) 367-95-50','','Гранкина Ирина Геннадьевна',''),(1524,'Сулима','Надежда','Витальевна','+7 (905) 170-50-67','','Сулима Надежда Витальевна',''),(1525,'Манюхин','Александр','Викторович','+7 (915) 569-65-31','','Манюхин Александр Викторович',''),(1526,'Полтавцев','Александр','Сергеевич','+7 (910) 741-72-56','','Полтавцев Александр Сергеевич',''),(1527,'Горбатенко','Евгений','Викторович','+7 (919) 222-44-41','','Горбатенко Евгений Викторович',''),(1528,'Елисеева','Любовь','Николаевна','+7 (908) 789-23-49','','Елисеева Любовь Николаевна',''),(1529,'Рагозина','Екатерина','Владимировна','+7 (904) 090-90-48','','Рагозина Екатерина Владимировна',''),(1530,'Есаулова','Татьяна','Юрьевна','+7 (910) 325-16-61','','Есаулова Татьяна Юрьевна',''),(1531,'Набокова','Лилия','Ивановна','+7 (951) 138-59-95','','Набокова Лилия Ивановна',''),(1532,'Малахова','Татьяна','Дмитриевна','+7 (960) 625-63-79','','Малахова Татьяна Дмитриевна',''),(1533,'Галицин','Антон','Александрович','+7 (910) 327-47-97','','Галицин Антон Александрович',''),(1534,'Мартынов','Игорь','Ильич','+7 (960) 628-22-39','','Мартынов Игорь Ильич',''),(1535,'Капков','Сергей','Александрович','+7 (910) 364-19-20','','Капков Сергей Александрович',''),(1536,'Минаков','Петр','Васильевич','+7 (904) 088-03-35','','Минаков Петр Васильевич',''),(1537,'Сеськутов','Эдуард','Владимирович','+7 (950) 712-33-99','','Сеськутов Эдуард Владимирович',''),(1538,'Ханжонков','Валентина','Васильевна','+7 (961) 175-00-05','','Ханжонков Валентина Васильевна',''),(1539,'Ахмадулина','Виктория','Владимировна','+7 (919) 434-27-52','','Ахмадулина Виктория Владимировна',''),(1540,'Боева','Любовь','Николаевна','+7 (951) 140-97-73','','Боева Любовь Николаевна',''),(1541,'Бобриков','Николай','Олегович','+7 (908) 785-00-31','','Бобриков Николай Олегович',''),(1542,'Барченко','Анатолий','Владимирович','+7 (980) 370-07-39','','Барченко Анатолий Владимирович',''),(1543,'Коршикова','Галина','Ивановна','+7 (904) 080-95-28','','Коршикова Галина Ивановна',''),(1544,'Роленко','Анна','Валентиновна','+7 (904) 094-44-11','','Роленко Анна Валентиновна',''),(1545,'Осохина','Галина','Михайловна','+7 (951) 131-29-58','','Осохина Галина Михайловна',''),(1546,'Акулов','Владимир','Николаевич','+7 (910) 321-82-22','','Акулов Владимир Николаевич',''),(1547,'Семёнова','Любовь','Сергеевна','','32-00-98','Семёнова Любовь Сергеевна',''),(1548,'Мамонова','Кристина','Сергеевна','+7 (963) 960-22-67','','Мамонова Кристина Сергеевна',''),(1549,'Терпенев','Игорь','Викторович','+7 (920) 580-11-44','','Терпенев Игорь Викторович',''),(1550,'Астапенко','Оксана','Васильевна','+7 (910) 320-45-83','','Астапенко Оксана Васильевна',''),(1551,'Стрепков','Андрей','Александрович','+7 (908) 786-99-96','','Стрепков Андрей Александрович',''),(1552,'Мулява','Яна','Сергеевна','+7 (910) 325-55-23','','Мулява Яна Сергеевна',''),(1553,'Бурин','Алексей','Вячеславович','+7 (906) 600-02-34','','Бурин Алексей Вячеславович',''),(1554,'Кушелевич','Юлия','Валерьевна','+7 (951) 133-77-57','','Кушелевич Юлия Валерьевна',''),(1555,'Некрасов','Роман','Геннадьевич','+7 (915) 520-44-77','','Некрасов Роман Геннадьевич',''),(1556,'Румянцев','Марк','Сергеевич','+7 (919) 280-98-29','','Румянцев Марк Сергеевич',''),(1557,'Чернышова','Наталья','Григорьевна','+7 (952) 432-68-24','','Чернышова Наталья Григорьевна',''),(1558,'Рудик','Владимир','Владимирович','+7 (906) 606-06-46','','Рудик Владимир Владимирович',''),(1559,'Титова','Наталья','Анатольевна','+7 (951) 145-04-50','','Титова Наталья Анатольевна',''),(1560,'Иринина','Александра','Равильевна','+7 (951) 145-00-65','','Иринина Александра Равильевна',''),(1561,'Разумова','Елена','Петровна','+7 (919) 432-99-27','','Разумова Елена Петровна',''),(1562,'Селютина','Татьяна','Сергеевна','+7 (910) 222-30-87','','Селютина Татьяна Сергеевна',''),(1563,'Самарцева','Наталья','Александровна','+7 (915) 569-20-18','','Самарцева Наталья Александровна',''),(1564,'Добровольский','Михаил','Анатольевич','+7 (920) 597-77-95','','Добровольский Михаил Анатольевич',''),(1565,'Михайлов','Валерий','Андреевич','+7 (915) 566-51-52','','Михайлов Валерий Андреевич',''),(1566,'Пупынина','Юлия','Петровна','+7 (929) 001-77-87','','Пупынина Юлия Петровна',''),(1567,'Жуков','Александр','Александрович','+7 (929) 000-71-84','','Жуков Александр Александрович',''),(1568,'Калабукова','Яна','Юрьевна','+7 (904) 539-90-28','','Калабукова Яна Юрьевна',''),(1569,'Максимов','Руслан','Валерьевич','+7 (904) 096-11-82','','Максимов Руслан Валерьевич',''),(1570,'Афанасьева','Л.','.','+7 (951) 152-47-97','','Афанасьева Л. .',''),(1571,'Шевцова','Н.','В.','+7 (920) 565-10-36','','Шевцова Н. В.',''),(1572,'Золочевский','А.','Н.','+7 (906) 606-90-74','','Золочевский А. Н.',''),(1573,'Веселовский','Валерий','Владимирович','+7 (960) 627-80-46','','Веселовский Валерий Владимирович',''),(1574,'Сапрыкина','Лариса','Анатольевна','+7 (910) 324-06-62','','Сапрыкина Лариса Анатольевна',''),(1575,'Дягилева','Галина','Викторовна','+7 (920) 575-62-53','','Дягилева Галина Викторовна',''),(1576,'Бакланова','Лариса','Анатольевна','+7 (915) 522-22-89','','Бакланова Лариса Анатольевна',''),(1577,'Лазуткин','Александр','Иванович','+7 (905) 670-79-46','','Лазуткин Александр Иванович',''),(1578,'Астапенко','Сергей','Александрович','+7 (920) 208-38-82','','Астапенко Сергей Александрович','');

/*Table structure for table `dialog_msg` */

DROP TABLE IF EXISTS `dialog_msg`;

CREATE TABLE `dialog_msg` (
  `id` int(11) NOT NULL AUTO_INCREMENT,
  `text` text,
  `timestamp` timestamp NOT NULL DEFAULT CURRENT_TIMESTAMP ON UPDATE CURRENT_TIMESTAMP,
  `roomId` int(11) DEFAULT NULL,
  `userId` int(11) DEFAULT NULL,
  `status` tinyint(1) DEFAULT NULL,
  PRIMARY KEY (`id`)
) ENGINE=InnoDB DEFAULT CHARSET=utf8;

/*Data for the table `dialog_msg` */

/*Table structure for table `dialog_rooms` */

DROP TABLE IF EXISTS `dialog_rooms`;

CREATE TABLE `dialog_rooms` (
  `id` int(11) NOT NULL AUTO_INCREMENT,
  `type` int(11) DEFAULT NULL,
  `fromId` int(11) DEFAULT NULL,
  `toId` int(11) DEFAULT NULL,
  `taskId` int(11) DEFAULT NULL,
  `toArray` tinytext,
  PRIMARY KEY (`id`)
) ENGINE=InnoDB AUTO_INCREMENT=9 DEFAULT CHARSET=utf8;

/*Data for the table `dialog_rooms` */

insert  into `dialog_rooms`(`id`,`type`,`fromId`,`toId`,`taskId`,`toArray`) values (1,0,1,6,NULL,NULL),(2,0,1,3,NULL,NULL),(3,1,3,NULL,NULL,NULL),(4,1,4,NULL,NULL,NULL),(5,2,1,NULL,NULL,NULL),(6,2,1,NULL,NULL,NULL),(7,0,4,1,NULL,NULL),(8,2,2,1,NULL,NULL);

/*Table structure for table `managers` */

DROP TABLE IF EXISTS `managers`;

CREATE TABLE `managers` (
  `id` int(11) NOT NULL AUTO_INCREMENT,
  `managerName` varchar(255) NOT NULL,
  `managerPhone` varchar(255) NOT NULL,
  `email` varchar(255) NOT NULL,
  `password` varchar(255) NOT NULL,
  `access` int(11) DEFAULT NULL,
  PRIMARY KEY (`id`)
) ENGINE=InnoDB AUTO_INCREMENT=8 DEFAULT CHARSET=utf8;

/*Data for the table `managers` */

insert  into `managers`(`id`,`managerName`,`managerPhone`,`email`,`password`,`access`) values (1,'Администратор','','admin@','123456',100),(3,'Надежда','89511447905','Nadia','oskolclean',10),(4,'Наталья','+79155637541','Natalia','oskolclean',10),(5,'Тест','8888','test','testtest',10),(6,'Татьяна Вячеславовна','999','oskolclean','oskolclean',100),(7,'Паша','888','Pasha','oskolclean',100);

/*Table structure for table `migration` */

DROP TABLE IF EXISTS `migration`;

CREATE TABLE `migration` (
  `version` varchar(180) NOT NULL,
  `apply_time` int(11) DEFAULT NULL,
  PRIMARY KEY (`version`)
) ENGINE=InnoDB DEFAULT CHARSET=utf8;

/*Data for the table `migration` */

insert  into `migration`(`version`,`apply_time`) values ('m000000_000000_base',1442227820),('m130524_201442_init',1442227825);

/*Table structure for table `orders` */

DROP TABLE IF EXISTS `orders`;

CREATE TABLE `orders` (
  `id` int(11) NOT NULL AUTO_INCREMENT,
  `clientId` int(11) DEFAULT NULL,
  `cost` decimal(10,2) NOT NULL DEFAULT '0.00',
  `paid` decimal(10,2) NOT NULL DEFAULT '0.00',
  `date` date NOT NULL,
  `number` int(11) DEFAULT NULL,
  `typeId` int(11) DEFAULT NULL,
  `pointId` int(11) DEFAULT NULL,
  `managerId` int(11) DEFAULT NULL,
  `statusId` int(11) DEFAULT NULL,
  `outDate` date DEFAULT NULL,
  `costTotal` decimal(10,2) NOT NULL DEFAULT '0.00',
  `contract` varchar(255) NOT NULL,
  `debt` decimal(10,2) NOT NULL DEFAULT '0.00',
  `ccount` int(2) NOT NULL DEFAULT '0',
  PRIMARY KEY (`id`),
  KEY `clientId` (`clientId`),
  KEY `cost` (`cost`),
  KEY `paid` (`paid`),
  KEY `date` (`date`),
  KEY `number` (`number`),
  KEY `typeId` (`typeId`),
  KEY `pointId` (`pointId`),
  KEY `managerId` (`managerId`),
  KEY `statusId` (`statusId`),
  KEY `outDate` (`outDate`),
  KEY `costTotal` (`costTotal`),
  KEY `contract` (`contract`),
  KEY `debt` (`debt`)
) ENGINE=InnoDB AUTO_INCREMENT=1413 DEFAULT CHARSET=utf8;

/*Data for the table `orders` */

insert  into `orders`(`id`,`clientId`,`cost`,`paid`,`date`,`number`,`typeId`,`pointId`,`managerId`,`statusId`,`outDate`,`costTotal`,`contract`,`debt`,`ccount`) values (3,336,750.00,750.00,'2015-10-31',833,2,1,3,3,'2015-11-13',750.00,'252',0.00,0),(4,337,900.00,900.00,'2015-10-28',769,3,1,3,3,'2015-10-31',900.00,'190',0.00,0),(5,338,950.00,0.00,'2015-10-31',832,2,1,3,2,'2015-11-13',950.00,'251',950.00,0),(6,339,1350.00,1350.00,'2015-10-31',831,2,1,3,3,'2015-11-14',1350.00,'250',0.00,0),(7,340,1400.00,1400.00,'2015-10-31',830,4,1,3,3,'2015-11-18',1400.00,'473',0.00,0),(8,341,750.00,750.00,'2015-10-31',829,2,1,3,3,'2015-11-06',750.00,'249',0.00,0),(9,342,620.00,620.00,'2015-10-31',828,2,1,3,3,'2015-11-06',620.00,'248',0.00,0),(10,343,750.00,750.00,'2015-10-31',827,2,1,3,3,'2015-11-13',750.00,'247',0.00,0),(11,344,750.00,750.00,'2015-10-31',826,2,1,3,3,'2015-11-14',750.00,'246',0.00,0),(12,345,699.00,699.00,'2015-10-31',825,7,1,3,3,'2015-11-14',699.00,'245',0.00,0),(13,346,650.00,650.00,'2015-10-31',824,2,1,3,3,'2015-11-06',650.00,'244',0.00,0),(14,347,2850.00,2850.00,'2015-10-31',823,7,1,3,3,'2015-11-13',2850.00,'243',0.00,0),(15,348,350.00,350.00,'2015-10-31',822,1,1,3,3,'2015-11-06',350.00,'242',0.00,0),(16,349,1050.00,1050.00,'2015-10-31',821,2,1,3,3,'2015-11-13',1050.00,'241',0.00,0),(17,350,2000.00,2000.00,'2015-10-31',820,3,1,3,3,'2015-11-06',2000.00,'240',0.00,0),(18,351,1300.00,1300.00,'2015-10-31',819,4,1,3,3,'2015-11-16',1300.00,'472',0.00,0),(19,352,675.00,675.00,'2015-10-31',818,2,1,3,3,'2015-11-12',675.00,'239',0.00,0),(20,353,650.00,650.00,'2015-10-31',817,2,1,3,3,'2015-11-14',650.00,'238',0.00,0),(21,354,750.00,750.00,'2015-10-31',816,2,1,3,3,'2015-11-12',750.00,'237',0.00,0),(22,355,1350.00,1350.00,'2015-11-01',838,1,1,3,3,'2015-11-06',1350.00,'257',0.00,0),(23,356,700.00,700.00,'2015-11-01',837,2,1,3,3,'2015-11-06',700.00,'256',0.00,0),(24,357,900.00,900.00,'2015-11-01',836,2,1,3,3,'2015-11-06',900.00,'255',0.00,0),(25,358,500.00,500.00,'2015-11-01',835,2,1,3,3,'2015-11-06',500.00,'254',0.00,0),(26,350,600.00,600.00,'2015-11-01',834,3,1,3,3,'2015-11-06',600.00,'253',0.00,0),(27,359,600.00,600.00,'2015-10-22',657,2,1,3,3,'2015-11-03',600.00,'85',0.00,0),(28,360,525.00,525.00,'2015-10-30',815,1,1,3,3,'2015-11-03',525.00,'236',0.00,0),(29,361,900.00,900.00,'2015-10-28',773,2,1,3,3,'2015-11-03',900.00,'194',0.00,0),(30,362,350.00,350.00,'2015-10-27',745,1,1,3,3,'2015-11-03',350.00,'169',0.00,0),(31,363,600.00,600.00,'2015-10-27',749,1,1,3,3,'2015-11-03',600.00,'172',0.00,0),(32,365,700.00,700.00,'2015-10-27',753,1,1,3,3,'2015-11-03',700.00,'176',0.00,0),(33,366,350.00,350.00,'2015-10-27',754,1,1,3,3,'2015-11-03',350.00,'177',0.00,0),(34,367,650.00,650.00,'2015-10-27',756,2,1,3,3,'2015-11-03',650.00,'179',0.00,0),(35,368,650.00,650.00,'2015-10-26',739,2,1,3,3,'2015-11-03',650.00,'165',0.00,0),(36,369,700.00,700.00,'2015-10-26',737,2,1,3,3,'2015-11-10',700.00,'163',0.00,0),(37,370,330.00,330.00,'2015-10-26',730,3,1,3,3,'2015-11-03',330.00,'156',0.00,0),(38,371,600.00,600.00,'2015-10-22',661,2,1,3,3,'2015-11-11',600.00,'89',0.00,0),(39,372,1250.00,1250.00,'2015-10-22',660,2,1,3,3,'2015-11-03',1250.00,'88',0.00,0),(40,373,750.00,750.00,'2015-10-22',659,2,1,3,3,'2015-11-03',750.00,'87',0.00,0),(41,374,750.00,750.00,'2015-10-22',655,2,1,3,3,'2015-11-03',750.00,'83',0.00,0),(42,375,1500.00,1500.00,'2015-10-22',652,2,1,3,3,'2015-11-03',1500.00,'80',0.00,0),(43,376,700.00,700.00,'2015-10-22',651,2,1,3,3,'2015-11-03',700.00,'79',0.00,0),(44,377,1200.00,1200.00,'2015-10-20',630,2,1,3,3,'2015-11-03',1200.00,'61',0.00,0),(45,378,650.00,650.00,'2015-10-20',632,2,1,3,3,'2015-11-03',650.00,'63',0.00,0),(46,379,600.00,600.00,'2015-10-20',634,2,1,3,3,'2015-11-03',600.00,'65',0.00,0),(47,380,350.00,350.00,'2015-10-25',719,1,1,3,3,'2015-11-11',350.00,'145',0.00,0),(48,381,1300.00,1300.00,'2015-10-29',791,2,1,3,3,'2015-11-05',1300.00,'212',0.00,0),(49,382,650.00,650.00,'2015-10-29',794,2,1,3,3,'2015-11-05',650.00,'215',0.00,0),(50,383,650.00,650.00,'2015-10-29',787,2,1,3,3,'2015-11-05',650.00,'208',0.00,0),(51,384,1120.00,1120.00,'2015-10-29',778,2,1,3,3,'2015-11-05',1120.00,'199',0.00,0),(52,385,650.00,650.00,'2015-10-28',763,2,1,3,3,'2015-11-05',650.00,'185',0.00,0),(53,386,500.00,500.00,'2015-10-28',765,2,1,3,3,'2015-11-05',500.00,'187',0.00,0),(54,388,650.00,650.00,'2015-10-27',759,2,1,3,3,'2015-11-05',650.00,'181',0.00,0),(55,389,600.00,600.00,'2015-10-24',685,2,1,3,3,'2015-11-05',600.00,'113',0.00,0),(56,390,750.00,750.00,'2015-10-23',682,2,1,3,3,'2015-11-05',750.00,'110',0.00,0),(57,391,600.00,600.00,'2015-10-23',681,2,1,3,3,'2015-11-05',600.00,'109',0.00,0),(58,392,750.00,750.00,'2015-10-23',680,2,1,3,3,'2015-11-05',750.00,'108',0.00,0),(59,393,600.00,600.00,'2015-10-23',677,2,1,3,3,'2015-11-05',600.00,'105',0.00,0),(60,394,750.00,750.00,'2015-10-23',675,2,1,3,3,'2015-11-05',750.00,'104',0.00,0),(61,395,1200.00,1200.00,'2015-10-23',671,3,1,3,3,'2015-11-05',1200.00,'100',0.00,0),(62,396,650.00,650.00,'2015-10-22',665,2,1,3,3,'2015-11-05',650.00,'93',0.00,0),(63,397,750.00,750.00,'2015-10-22',664,2,1,3,3,'2015-11-05',750.00,'92',0.00,0),(64,398,600.00,600.00,'2015-11-01',840,1,1,3,3,'2015-11-06',600.00,'259',0.00,0),(65,399,1340.00,1000.00,'2015-11-01',839,5,1,3,1,'2015-11-05',1340.00,'258',340.00,0),(66,400,700.00,700.00,'2015-10-24',38,2,2,3,3,'2015-10-31',525.00,'',0.00,0),(67,401,370.00,370.00,'2015-10-29',781,3,1,3,3,'2015-10-31',370.00,'202',0.00,0),(68,402,750.00,750.00,'2015-10-14',522,2,1,3,3,'2015-10-23',750.00,'0',0.00,0),(69,403,600.00,600.00,'2015-10-22',663,3,1,3,3,'2015-10-30',600.00,'91',0.00,0),(70,404,650.00,650.00,'2015-10-24',695,2,1,3,3,'2015-10-31',650.00,'123',0.00,0),(71,405,900.00,900.00,'2015-10-28',766,2,1,3,3,'2015-10-31',900.00,'188',0.00,0),(72,406,250.00,250.00,'2015-10-24',690,1,1,3,3,'2015-10-31',250.00,'118',0.00,0),(73,407,650.00,650.00,'2015-10-24',689,2,1,3,3,'2015-10-31',650.00,'117',0.00,0),(75,408,2470.00,2470.00,'2015-10-17',591,7,1,3,3,'2015-11-02',2470.00,'25',0.00,0),(76,410,1000.00,1000.00,'2015-10-17',584,2,1,3,3,'2015-10-30',1000.00,'18',0.00,0),(77,411,1900.00,1900.00,'2015-10-22',658,2,1,3,3,'2015-10-30',1900.00,'86',0.00,0),(78,412,270.00,270.00,'2015-10-23',670,1,1,3,3,'2015-10-30',270.00,'99',0.00,0),(79,413,1100.00,1100.00,'2015-10-23',679,3,1,3,3,'2015-10-31',1100.00,'107',0.00,0),(80,414,1414.00,1414.00,'2015-09-17',153,7,1,3,3,'2015-10-30',1414.00,'0',0.00,0),(81,415,540.00,540.00,'2015-10-24',684,3,1,3,3,'2015-11-05',540.00,'112',0.00,0),(82,416,1250.00,1250.00,'2015-10-19',601,4,1,3,3,'2015-10-29',1250.00,'455',0.00,0),(83,417,600.00,600.00,'2015-10-15',551,2,1,3,3,'2015-10-29',600.00,'0',0.00,0),(84,418,600.00,600.00,'2015-10-17',588,2,1,3,3,'2015-10-30',600.00,'22',0.00,0),(85,419,600.00,600.00,'2015-10-19',600,2,1,3,3,'2015-10-29',600.00,'33',0.00,0),(86,420,214.00,214.00,'2015-10-24',691,3,1,3,3,'2015-10-31',214.00,'119',0.00,0),(87,421,650.00,650.00,'2015-10-17',585,2,1,3,3,'2015-10-30',650.00,'19',0.00,0),(88,422,250.00,250.00,'2015-09-28',239,1,1,3,3,'2015-10-02',250.00,'0',0.00,0),(89,424,850.00,850.00,'2015-10-10',438,1,1,3,3,'2015-10-16',850.00,'0',0.00,0),(90,425,800.00,800.00,'2015-10-24',702,1,1,3,3,'2015-10-31',800.00,'130',0.00,0),(91,426,420.00,420.00,'2015-10-24',692,2,1,3,3,'2015-10-31',420.00,'120',0.00,0),(92,427,125.00,125.00,'2015-10-25',716,1,1,3,3,'2015-10-31',125.00,'143',0.00,0),(93,428,700.00,700.00,'2015-10-24',40,2,2,3,3,'2015-10-31',525.00,'',0.00,0),(94,429,800.00,800.00,'2015-10-23',26,1,2,3,3,'2015-10-30',600.00,'',0.00,0),(95,430,650.00,650.00,'2015-10-20',621,2,1,3,3,'2015-11-10',650.00,'52',0.00,0),(96,431,650.00,650.00,'2015-10-30',806,2,1,3,3,'2015-11-06',650.00,'228',0.00,0),(97,432,1350.00,1350.00,'2015-10-30',803,2,1,3,3,'2015-11-06',1350.00,'225',0.00,0),(98,433,700.00,700.00,'2015-10-30',800,2,1,3,3,'2015-11-06',700.00,'222',0.00,0),(99,434,600.00,600.00,'2015-10-30',798,3,1,3,3,'2015-11-06',600.00,'220',0.00,0),(100,435,250.00,250.00,'2015-10-30',796,1,1,3,3,'2015-11-06',250.00,'218',0.00,0),(101,436,300.00,300.00,'2015-10-29',789,3,1,3,3,'2015-11-06',300.00,'210',0.00,0),(102,437,2300.00,2300.00,'2015-10-24',706,2,1,3,3,'2015-11-06',2300.00,'134',0.00,0),(103,438,650.00,650.00,'2015-10-24',704,2,1,3,3,'2015-11-06',650.00,'132',0.00,0),(104,439,1200.00,1200.00,'2015-10-24',700,2,1,3,3,'2015-11-06',1200.00,'128',0.00,0),(105,440,600.00,600.00,'2015-10-24',698,2,1,3,3,'2015-11-06',600.00,'126',0.00,0),(106,441,1200.00,1200.00,'2015-10-24',696,2,1,3,3,'2015-11-06',1200.00,'124',0.00,0),(107,442,750.00,750.00,'2015-10-24',694,2,1,3,3,'2015-11-06',750.00,'122',0.00,0),(108,443,600.00,600.00,'2015-10-24',688,2,1,3,3,'2015-11-06',600.00,'116',0.00,0),(109,445,750.00,750.00,'2015-10-24',712,2,1,3,3,'2015-11-22',750.00,'139',0.00,0),(110,446,1500.00,1500.00,'2015-10-24',711,2,1,3,3,'2015-11-07',1500.00,'138',0.00,0),(111,447,800.00,800.00,'2015-10-24',710,2,1,3,3,'2015-11-07',800.00,'137',0.00,0),(112,448,750.00,750.00,'2015-10-24',709,2,1,3,3,'2015-11-07',750.00,'136',0.00,0),(113,449,2400.00,2400.00,'2015-10-09',426,3,1,3,3,'2015-11-10',2400.00,'0',0.00,0),(114,450,540.00,540.00,'2015-10-28',772,2,1,3,3,'2015-11-10',540.00,'193',0.00,0),(115,451,600.00,600.00,'2015-10-28',770,2,1,3,3,'2015-11-10',600.00,'191',0.00,0),(116,452,700.00,700.00,'2015-10-28',764,2,1,3,3,'2015-11-10',700.00,'186',0.00,0),(117,385,600.00,600.00,'2015-10-28',762,2,1,3,3,'2015-11-10',600.00,'184',0.00,0),(118,453,600.00,600.00,'2015-10-28',761,2,1,3,3,'2015-11-10',600.00,'183',0.00,0),(119,454,650.00,650.00,'2015-10-28',760,2,1,3,3,'2015-11-10',650.00,'182',0.00,0),(120,455,4560.00,4560.00,'2015-10-27',742,7,1,3,3,'2015-11-10',4560.00,'168',0.00,0),(121,456,700.00,700.00,'2015-10-27',746,2,1,3,3,'2015-11-11',700.00,'170',0.00,0),(122,457,600.00,600.00,'2015-10-27',751,2,1,3,3,'2015-11-11',600.00,'174',0.00,0),(123,458,540.00,540.00,'2015-10-27',757,2,1,3,3,'2015-11-10',540.00,'180',0.00,0),(124,459,1350.00,1350.00,'2015-10-26',738,2,1,3,3,'2015-11-10',1350.00,'164',0.00,0),(125,460,400.00,400.00,'2015-10-26',735,2,1,3,2,'2015-11-10',400.00,'161',0.00,0),(126,461,975.00,975.00,'2015-10-26',734,2,1,3,3,'2015-11-10',975.00,'160',0.00,0),(127,462,800.00,800.00,'2015-10-26',731,2,1,3,3,'2015-11-09',800.00,'157',0.00,0),(128,463,650.00,650.00,'2015-10-26',729,2,1,3,3,'2015-11-09',650.00,'155',0.00,0),(129,464,1125.00,1125.00,'2015-10-26',728,2,1,3,3,'2015-11-10',1125.00,'154',0.00,0),(130,465,1350.00,1350.00,'2015-10-26',727,2,1,3,3,'2015-11-10',1350.00,'153',0.00,0),(131,466,600.00,600.00,'2015-10-26',725,2,1,3,3,'2015-11-11',600.00,'151',0.00,0),(132,467,750.00,750.00,'2015-10-26',724,2,1,3,3,'2015-11-09',750.00,'150',0.00,0),(133,468,600.00,600.00,'2015-10-26',723,2,1,3,2,'2015-11-09',600.00,'149',0.00,0),(134,469,750.00,750.00,'2015-10-26',721,2,1,3,3,'2015-11-09',750.00,'147',0.00,0),(135,470,800.00,800.00,'2015-10-25',718,2,1,3,3,'2015-11-11',800.00,'144',0.00,0),(136,471,1300.00,1300.00,'2015-10-25',715,2,1,3,3,'2015-11-09',1300.00,'142',0.00,0),(137,472,650.00,650.00,'2015-11-02',842,2,1,4,3,'2015-11-09',650.00,'261',0.00,0),(138,473,2993.00,2993.00,'2015-11-02',841,7,1,4,3,'2015-11-16',2993.00,'260',0.00,0),(139,474,638.00,638.00,'2015-11-02',843,2,1,4,3,'2015-11-16',638.00,'262',0.00,0),(140,475,638.00,638.00,'2015-11-02',844,2,1,4,3,'2015-11-16',638.00,'263',0.00,0),(141,476,1000.00,1000.00,'2015-11-02',845,2,1,4,3,'2015-11-09',1000.00,'264',0.00,0),(142,477,638.00,638.00,'2015-11-02',846,2,1,4,3,'2015-11-16',638.00,'265',0.00,0),(143,478,650.00,650.00,'2015-11-02',847,2,1,4,3,'2015-11-09',650.00,'266',0.00,0),(144,479,900.00,900.00,'2015-11-02',848,5,1,4,3,'2015-11-11',900.00,'267',0.00,0),(145,480,600.00,600.00,'2015-11-02',849,5,1,4,3,'2015-11-10',600.00,'268',0.00,0),(146,481,748.00,748.00,'2015-11-02',850,7,1,4,3,'2015-11-18',748.00,'269',0.00,0),(147,482,650.00,650.00,'2015-11-02',851,2,1,4,3,'2015-11-10',650.00,'270',0.00,0),(148,483,570.00,570.00,'2015-11-02',852,1,1,4,3,'2015-11-10',570.00,'271',0.00,0),(149,484,638.00,638.00,'2015-11-02',853,2,1,4,3,'2015-11-16',638.00,'272',0.00,0),(150,485,730.00,730.00,'2015-11-02',854,7,1,4,3,'2015-11-19',730.00,'273',0.00,0),(151,486,1000.00,1000.00,'2015-11-02',855,2,1,4,3,'2015-11-09',1000.00,'274',0.00,0),(152,487,1200.00,1200.00,'2015-11-02',856,3,1,4,3,'2015-11-10',1200.00,'275',0.00,0),(153,488,500.00,500.00,'2015-11-02',857,2,1,4,3,'2015-11-16',500.00,'276',0.00,0),(154,489,1190.00,1190.00,'2015-11-02',858,4,1,4,3,'2015-11-16',1190.00,'474',0.00,0),(155,490,650.00,650.00,'2015-11-02',859,2,1,4,3,'2015-11-14',650.00,'277',0.00,0),(156,491,600.00,600.00,'2015-11-02',860,1,1,4,3,'2015-11-09',600.00,'278',0.00,0),(157,492,800.00,800.00,'2015-11-02',861,5,1,4,3,'2015-11-10',800.00,'279',0.00,0),(158,493,600.00,600.00,'2015-11-02',862,1,1,4,3,'2015-11-11',600.00,'280',0.00,0),(159,494,120.00,120.00,'2015-11-03',863,3,1,4,3,'2015-11-10',120.00,'281',0.00,0),(160,495,975.00,975.00,'2015-11-03',864,2,1,4,3,'2015-11-06',975.00,'282',0.00,0),(161,496,600.00,600.00,'2015-11-03',865,3,1,4,3,'2015-11-11',600.00,'283',0.00,0),(162,497,650.00,650.00,'2015-11-03',866,2,1,4,3,'2015-11-11',650.00,'284',0.00,0),(163,498,900.00,900.00,'2015-11-03',867,5,1,4,3,'2015-11-06',900.00,'285',0.00,0),(164,499,830.00,830.00,'2015-11-03',868,2,1,4,3,'2015-11-12',830.00,'286',0.00,0),(165,500,510.00,510.00,'2015-11-03',869,2,1,4,3,'2015-11-16',510.00,'287',0.00,0),(166,501,1200.00,1200.00,'2015-11-03',870,3,1,4,3,'2015-11-11',1200.00,'288',0.00,0),(167,502,3292.00,3292.00,'2015-11-03',871,7,1,4,2,'2015-11-18',3292.00,'289',0.00,0),(168,503,650.00,650.00,'2015-11-03',872,2,1,4,2,'2015-11-16',650.00,'290',0.00,0),(169,504,1020.00,1020.00,'2015-11-03',873,2,1,4,3,'2015-11-18',1020.00,'291',0.00,0),(170,505,638.00,638.00,'2015-11-03',874,2,1,4,3,'2015-11-16',638.00,'292',0.00,0),(171,506,638.00,638.00,'2015-11-03',875,2,1,4,3,'2015-11-16',638.00,'293',0.00,0),(172,507,595.00,595.00,'2015-11-03',876,2,1,4,3,'2015-11-16',595.00,'294',0.00,0),(173,508,850.00,850.00,'2015-11-03',877,2,1,4,3,'2015-11-17',850.00,'295',0.00,0),(174,509,680.00,680.00,'2015-11-03',878,2,1,4,3,'2015-11-18',680.00,'296',0.00,0),(175,510,650.00,650.00,'2015-11-03',880,2,1,4,3,'2015-11-11',650.00,'297',0.00,0),(176,511,1275.00,1275.00,'2015-11-03',879,4,1,4,3,'2015-11-19',1275.00,'475',0.00,0),(177,513,455.00,455.00,'2015-10-29',788,2,1,4,3,'2015-11-11',455.00,'209',0.00,0),(178,514,600.00,600.00,'2015-10-29',786,2,1,4,3,'2015-11-11',600.00,'207',0.00,0),(179,515,650.00,650.00,'2015-10-29',785,2,1,4,3,'2015-11-14',650.00,'206',0.00,0),(180,516,600.00,600.00,'2015-10-29',784,2,1,4,3,'2015-11-11',600.00,'205',0.00,0),(181,517,1400.00,1400.00,'2015-10-29',780,2,1,4,3,'2015-11-15',1400.00,'201',0.00,0),(182,518,650.00,650.00,'2015-09-29',779,2,1,4,3,'2015-11-11',650.00,'200',0.00,0),(183,519,900.00,900.00,'2015-10-28',776,2,1,4,3,'2015-11-11',900.00,'197',0.00,0),(184,520,750.00,750.00,'2015-10-28',775,2,1,4,3,'2015-11-11',750.00,'196',0.00,0),(185,521,750.00,750.00,'2015-10-28',774,2,1,4,3,'2015-11-11',750.00,'195',0.00,0),(186,522,1200.00,1200.00,'2015-10-30',797,2,1,4,3,'2015-11-14',1200.00,'219',0.00,0),(187,523,600.00,600.00,'2015-10-30',799,2,1,4,3,'2015-11-12',600.00,'221',0.00,0),(188,524,650.00,650.00,'2015-10-30',802,2,1,4,3,'2015-11-12',650.00,'224',0.00,0),(189,525,650.00,650.00,'2015-10-30',804,2,1,4,3,'2015-11-19',650.00,'226',0.00,0),(190,526,750.00,750.00,'2015-10-30',805,2,1,4,3,'2015-11-12',750.00,'227',0.00,0),(191,527,600.00,600.00,'2015-10-30',807,2,1,4,3,'2015-11-12',600.00,'229',0.00,0),(192,528,600.00,600.00,'2015-10-30',812,2,1,4,3,'2015-11-12',600.00,'233',0.00,0),(193,529,1950.00,1950.00,'2015-10-30',811,2,1,4,3,'2015-11-12',1950.00,'232',0.00,0),(194,530,2450.00,2450.00,'2015-10-30',814,2,1,4,3,'2015-11-12',2450.00,'235',0.00,0),(195,531,1105.00,1105.00,'2015-11-04',881,4,1,4,3,'2015-11-19',1105.00,'476',0.00,0),(196,532,1148.00,1148.00,'2015-11-04',882,2,1,4,3,'2015-11-17',1148.00,'298',0.00,0),(197,533,510.00,510.00,'2015-11-04',883,2,1,4,3,'2015-11-17',510.00,'299',0.00,0),(198,534,638.00,638.00,'2015-11-04',884,2,1,4,3,'2015-11-17',638.00,'300',0.00,0),(199,535,650.00,650.00,'2015-11-04',885,2,1,4,3,'2015-11-11',650.00,'301',0.00,0),(200,536,510.00,510.00,'2015-11-04',886,2,1,4,3,'2015-11-19',510.00,'302',0.00,0),(201,537,1233.00,1233.00,'2015-11-04',887,4,1,4,3,'2015-11-19',1233.00,'477',0.00,0),(202,538,510.00,510.00,'2015-11-04',888,2,1,4,3,'2015-11-17',510.00,'303',0.00,0),(203,539,525.00,525.00,'2015-11-04',889,1,1,4,3,'2015-11-06',525.00,'304',0.00,0),(204,539,350.00,350.00,'2015-11-04',890,1,1,4,3,'2015-11-11',350.00,'305',0.00,0),(205,540,750.00,750.00,'2015-10-19',617,2,1,4,3,'2015-11-02',750.00,'48',0.00,0),(206,541,650.00,650.00,'2015-10-14',528,2,1,4,3,'2015-10-28',650.00,'0',0.00,0),(207,528,500.00,500.00,'2015-10-23',672,2,1,4,3,'2015-10-30',500.00,'101',0.00,0),(208,542,1710.00,1710.00,'2015-10-16',565,3,1,4,3,'2015-10-23',1710.00,'0',0.00,0),(209,543,400.00,0.00,'2015-10-01',295,2,1,4,2,'2015-10-08',400.00,'0',400.00,0),(210,544,1237.00,1237.00,'2015-10-19',613,7,1,4,1,'2015-10-30',1237.00,'44',0.00,0),(211,545,528.00,528.00,'2015-10-22',654,7,1,4,3,'2015-11-10',528.00,'82',0.00,0),(212,546,0.00,0.00,'2015-10-23',668,7,1,4,3,'2015-11-06',0.00,'96',0.00,0),(213,546,0.00,0.00,'2015-10-23',668,7,1,4,3,'2015-11-06',0.00,'97',0.00,0),(214,547,1520.00,1520.00,'2015-10-30',55,7,2,4,3,'2015-11-06',1140.00,'',0.00,0),(215,548,1140.00,1140.00,'2015-10-31',39,7,2,4,3,'2015-11-08',855.00,'',0.00,0),(216,549,1642.00,1642.00,'2015-10-24',686,7,1,4,3,'2015-11-11',1642.00,'114',0.00,0),(217,550,1711.00,1711.00,'2015-10-24',697,7,1,4,3,'2015-11-10',1711.00,'125',0.00,0),(218,551,1140.00,1140.00,'2015-11-05',891,7,1,4,3,'2015-11-22',1140.00,'306',0.00,0),(219,552,700.00,700.00,'2015-10-29',790,7,1,4,3,'2015-11-10',700.00,'211',0.00,0),(220,553,1710.00,1710.00,'2015-10-29',782,7,1,4,3,'2015-11-15',1710.00,'203',0.00,0),(221,554,1102.00,1102.00,'2015-10-29',783,7,1,4,3,'2015-11-18',1102.00,'204',0.00,0),(222,555,2660.00,2660.00,'2015-10-29',795,7,1,4,3,'2015-11-18',2660.00,'216',0.00,0),(223,556,1275.00,1275.00,'2015-11-05',895,4,1,4,3,'2015-11-19',1275.00,'478',0.00,0),(224,557,2474.00,2474.00,'2015-11-05',894,7,1,4,3,'2015-11-19',2474.00,'309',0.00,0),(225,558,350.00,350.00,'2015-11-05',893,3,1,4,3,'2015-11-06',350.00,'308',0.00,0),(226,559,600.00,600.00,'2015-11-05',892,2,1,4,3,'2015-11-17',600.00,'307',0.00,0),(227,560,650.00,650.00,'2015-11-05',896,2,1,4,3,'2015-11-11',650.00,'310',0.00,0),(228,561,510.00,510.00,'2015-11-05',906,2,1,4,3,'2015-11-18',510.00,'320',0.00,0),(229,562,1020.00,1020.00,'2015-11-05',905,2,1,4,3,'2015-11-18',1020.00,'319',0.00,0),(230,563,280.00,280.00,'2015-11-05',904,7,1,4,3,'2015-11-18',280.00,'318',0.00,0),(231,564,1658.00,1658.00,'2015-11-05',903,2,1,4,3,'2015-11-19',1658.00,'317',0.00,0),(232,565,510.00,510.00,'2015-11-05',902,2,1,4,3,'2015-11-18',510.00,'316',0.00,0),(233,566,1105.00,1105.00,'2015-11-05',901,4,1,4,3,'2015-11-19',1105.00,'479',0.00,0),(234,567,510.00,510.00,'2015-11-05',900,2,1,4,3,'2015-11-19',510.00,'315',0.00,0),(235,569,638.00,638.00,'2015-11-05',899,2,1,4,3,'2015-11-18',638.00,'313',0.00,0),(236,570,936.00,936.00,'2015-11-05',898,4,1,4,3,'2015-11-17',936.00,'312',0.00,0),(237,570,651.00,651.00,'2015-11-05',897,7,1,4,3,'2015-11-17',651.00,'311',0.00,0),(238,571,0.00,0.00,'2015-11-05',907,2,1,4,3,'2015-11-19',0.00,'321',0.00,0),(239,572,2040.00,2040.00,'2015-11-05',908,2,1,4,3,'2015-11-19',2040.00,'322',0.00,0),(240,573,600.00,600.00,'2015-11-05',912,1,1,3,3,'2015-11-11',600.00,'326',0.00,0),(241,574,765.00,765.00,'2015-11-05',911,2,1,3,3,'2015-11-07',765.00,'325',0.00,0),(242,386,570.00,570.00,'2015-11-05',910,7,1,3,3,'2015-11-19',570.00,'324',0.00,0),(243,386,350.00,350.00,'2015-11-05',909,1,1,3,3,'2015-11-11',350.00,'323',0.00,0),(244,575,1000.00,1000.00,'2015-11-05',913,3,1,3,3,'2015-11-19',1000.00,'327',0.00,0),(245,505,1275.00,1275.00,'2015-11-05',914,4,1,3,3,'2015-11-19',1275.00,'480',0.00,0),(246,576,700.00,700.00,'2015-11-02',60,2,2,3,3,'2015-11-12',525.00,'',0.00,0),(247,577,550.00,550.00,'2015-11-02',61,2,2,3,1,'2015-11-12',412.50,'',0.00,0),(248,578,600.00,600.00,'2015-11-02',62,2,2,3,3,'2015-11-12',450.00,'',0.00,0),(249,579,1400.00,1400.00,'2015-11-02',63,3,2,3,1,'2015-11-12',1050.00,'',0.00,0),(250,580,600.00,600.00,'2015-11-02',64,2,2,3,3,'2015-11-12',450.00,'',0.00,0),(251,581,1450.00,1450.00,'2015-11-02',67,2,2,3,3,'2015-11-12',1087.50,'',0.00,0),(252,582,637.00,637.00,'2015-11-05',46,2,2,3,3,'2015-11-18',477.75,'',0.00,0),(253,583,700.00,700.00,'2015-11-05',72,2,2,3,3,'2015-11-17',525.00,'',0.00,0),(254,584,700.00,700.00,'2015-11-05',71,2,2,3,3,'2015-11-17',525.00,'',0.00,0),(255,585,350.00,0.00,'2015-11-05',70,1,2,3,1,'2015-11-17',262.50,'',350.00,0),(256,586,500.00,500.00,'2015-11-04',69,3,2,3,3,'2015-11-12',375.00,'',0.00,0),(257,587,1450.00,1450.00,'2015-11-05',68,4,2,3,1,'2015-11-14',1087.50,'',0.00,0),(258,588,1800.00,1800.00,'2015-11-03',116,2,2,3,3,'2015-11-16',1350.00,'',0.00,0),(259,589,700.00,700.00,'2015-11-03',65,2,2,3,3,'2015-11-16',525.00,'',0.00,0),(260,590,1140.00,1140.00,'2015-11-03',66,7,2,3,1,'2015-11-16',855.00,'',0.00,0),(261,591,510.00,510.00,'2015-11-05',70,2,2,3,3,'2015-11-17',382.50,'',0.00,0),(262,592,350.00,350.00,'2015-11-06',915,3,1,4,3,'2015-11-12',350.00,'328',0.00,0),(263,593,680.00,680.00,'2015-11-06',916,2,1,4,3,'2015-11-22',680.00,'329',0.00,0),(264,594,200.00,200.00,'2015-11-06',917,3,1,4,3,'2015-11-12',200.00,'330',0.00,0),(265,595,700.00,700.00,'2015-11-06',918,2,1,4,3,'2015-11-13',700.00,'331',0.00,0),(266,596,510.00,510.00,'2015-11-06',919,2,1,4,3,'2015-11-19',510.00,'332',0.00,0),(267,597,510.00,510.00,'2015-11-06',920,2,1,4,3,'2015-11-19',510.00,'333',0.00,0),(268,598,510.00,510.00,'2015-11-06',921,2,1,4,3,'2015-11-19',510.00,'334',0.00,0),(269,599,340.00,340.00,'2015-11-06',922,4,1,4,3,'2015-11-14',340.00,'481',0.00,0),(270,600,638.00,638.00,'2015-11-06',923,2,1,4,3,'2015-11-19',638.00,'335',0.00,0),(271,601,510.00,510.00,'2015-11-06',924,2,1,4,3,'2015-11-19',510.00,'336',0.00,0),(272,602,1121.00,1121.00,'2015-11-06',925,7,1,4,3,'2015-11-23',1121.00,'337',0.00,0),(273,603,1615.00,1615.00,'2015-11-06',926,2,1,4,3,'2015-11-23',1615.00,'338',0.00,0),(274,604,510.00,510.00,'2015-11-06',927,2,1,4,3,'2015-11-20',510.00,'339',0.00,0),(275,605,600.00,600.00,'2015-11-06',928,3,1,4,3,'2015-11-13',600.00,'340',0.00,0),(276,606,638.00,638.00,'2015-11-06',929,2,1,4,3,'2015-11-20',638.00,'341',0.00,0),(277,607,650.00,650.00,'2015-11-06',930,2,1,4,3,'2015-11-13',650.00,'342',0.00,0),(278,608,1105.00,1105.00,'2015-11-06',931,4,1,4,3,'2015-11-20',1105.00,'482',0.00,0),(279,609,510.00,510.00,'2015-11-06',932,2,1,4,3,'2015-11-20',510.00,'343',0.00,0),(280,610,595.00,595.00,'2015-11-06',933,2,1,4,3,'2015-11-20',595.00,'344',0.00,0),(281,611,1870.00,1500.00,'2015-11-06',934,2,1,4,2,'2015-11-20',1870.00,'345',370.00,0),(282,612,1233.00,1233.00,'2015-11-06',935,2,1,4,3,'2015-11-20',1233.00,'346',0.00,0),(283,613,680.00,680.00,'2015-11-07',936,2,1,4,3,'2015-11-20',680.00,'347',0.00,0),(284,614,600.00,600.00,'2015-11-07',937,3,1,4,3,'2015-11-13',600.00,'348',0.00,0),(285,615,600.00,600.00,'2015-11-07',938,3,1,4,3,'2015-11-13',600.00,'349',0.00,0),(286,616,1050.00,1050.00,'2015-11-07',939,2,1,4,3,'2015-11-13',1050.00,'350',0.00,0),(287,617,600.00,600.00,'2015-11-07',940,1,1,4,3,'2015-11-14',600.00,'351',0.00,0),(288,618,1000.00,1000.00,'2015-11-07',940,2,1,4,1,'2015-11-20',1000.00,'352',0.00,0),(289,619,650.00,650.00,'2015-11-07',941,2,1,4,3,'2015-11-13',650.00,'353',0.00,0),(290,620,553.00,553.00,'2015-11-07',942,2,1,4,3,'2015-11-20',553.00,'354',0.00,0),(291,621,638.00,638.00,'2015-11-07',943,2,1,4,3,'2015-11-23',638.00,'355',0.00,0),(292,622,765.00,765.00,'2015-11-07',944,2,1,4,3,'2015-11-13',765.00,'356',0.00,0),(293,623,1063.00,1063.00,'2015-11-07',945,2,1,4,3,'2015-11-23',1063.00,'357',0.00,0),(294,624,1404.00,1404.00,'2015-11-07',946,7,1,4,3,'2015-11-23',1404.00,'358',0.00,0),(295,625,1190.00,1190.00,'2015-11-07',947,4,1,4,3,'2015-11-25',1190.00,'483',0.00,0),(296,626,510.00,510.00,'2015-11-07',948,2,1,4,3,'2015-11-23',510.00,'359',0.00,0),(297,627,425.00,425.00,'2015-11-07',949,2,1,4,3,'2015-11-23',425.00,'360',0.00,0),(298,628,1573.00,1573.00,'2015-11-07',950,2,1,4,3,'2015-11-23',1573.00,'361',0.00,0),(299,629,638.00,638.00,'2015-11-07',951,2,1,4,3,'2015-11-23',638.00,'362',0.00,0),(300,630,650.00,650.00,'2015-11-07',952,2,1,4,3,'2015-11-13',650.00,'363',0.00,0),(301,631,1335.00,1335.00,'2015-11-07',953,7,1,4,3,'2015-11-24',1335.00,'364',0.00,0),(302,632,510.00,510.00,'2015-11-07',954,2,1,4,3,'2015-11-23',510.00,'365',0.00,0),(303,633,638.00,638.00,'2015-11-07',955,2,1,4,3,'2015-11-23',638.00,'366',0.00,0),(304,634,680.00,680.00,'2015-11-07',956,2,1,4,3,'2015-11-14',680.00,'367',0.00,0),(305,635,680.00,0.00,'2015-11-07',957,2,1,4,2,'2015-11-23',680.00,'368',680.00,0),(306,636,553.00,0.00,'2015-11-07',958,2,1,4,2,'2015-11-24',553.00,'369',553.00,0),(307,637,975.00,975.00,'2015-11-07',959,7,1,4,3,'2015-11-25',975.00,'370',0.00,0),(308,639,1350.00,1350.00,'2015-10-24',687,2,1,3,3,'2015-11-06',1350.00,'115',0.00,0),(309,640,1500.00,1500.00,'2015-10-24',707,4,1,3,3,'2015-11-06',1500.00,'463',0.00,0),(310,641,1250.00,1250.00,'2015-10-21',641,4,1,3,3,'2015-11-03',1250.00,'459',0.00,0),(311,642,632.00,632.00,'2015-11-08',960,7,1,3,3,'2015-11-25',632.00,'371',0.00,0),(312,643,750.00,750.00,'2015-10-15',544,2,1,3,3,'2015-10-28',750.00,'0',0.00,0),(313,644,510.00,510.00,'2015-11-08',961,2,1,3,3,'2015-11-24',510.00,'372',0.00,0),(314,645,638.00,638.00,'2015-11-08',962,2,1,3,3,'2015-11-24',638.00,'373',0.00,0),(315,646,380.00,380.00,'2015-10-28',46,1,2,3,3,'2015-11-04',285.00,'',0.00,0),(316,561,900.00,900.00,'2015-10-08',389,2,1,3,3,'2015-10-15',900.00,'0',0.00,0),(317,647,1450.00,1450.00,'2015-10-19',595,2,1,3,3,'2015-10-27',1450.00,'29',0.00,0),(318,648,600.00,600.00,'2015-10-17',573,2,1,3,1,'2015-10-30',600.00,'8',0.00,0),(319,649,510.00,510.00,'2015-11-08',963,2,1,3,3,'2015-11-24',510.00,'374',0.00,0),(320,650,595.00,595.00,'2015-11-08',964,2,1,3,3,'2015-11-16',595.00,'375',0.00,0),(321,651,750.00,750.00,'2015-10-17',578,2,1,3,3,'2015-10-30',750.00,'12',0.00,0),(322,652,1250.00,1250.00,'2015-10-19',615,2,1,3,3,'2015-10-30',1250.00,'46',0.00,0),(323,653,150.00,150.00,'2015-11-08',965,3,1,3,3,'2015-11-24',150.00,'376',0.00,0),(324,654,650.00,650.00,'2015-10-14',536,2,1,3,3,'2015-10-28',650.00,'0',0.00,0),(325,655,550.00,550.00,'2015-10-15',555,2,1,3,3,'2015-10-28',550.00,'0',0.00,0),(326,656,900.00,900.00,'2015-10-28',768,2,1,3,3,'2015-10-30',900.00,'189',0.00,0),(327,657,1350.00,1350.00,'2015-10-16',560,2,1,3,3,'2015-10-29',1350.00,'0',0.00,0),(328,658,638.00,638.00,'2015-11-08',966,2,1,3,3,'2015-11-24',638.00,'377',0.00,0),(329,657,350.00,350.00,'2015-10-13',510,3,1,3,3,'2015-10-17',350.00,'0',0.00,0),(330,659,700.00,700.00,'2015-10-22',656,2,1,3,3,'2015-10-30',700.00,'84',0.00,0),(331,660,1450.00,1450.00,'2015-10-23',676,4,1,3,3,'2015-11-06',1450.00,'462',0.00,0),(332,661,1500.00,1500.00,'2015-10-27',747,4,1,3,3,'2015-11-10',1500.00,'467',0.00,0),(333,662,450.00,450.00,'2015-10-27',758,4,1,3,3,'2015-11-10',450.00,'469',0.00,0),(334,663,638.00,638.00,'2015-11-08',967,2,1,3,3,'2015-11-24',638.00,'378',0.00,0),(335,664,600.00,600.00,'2015-10-30',813,2,1,3,3,'2015-11-12',600.00,'234',0.00,0),(336,665,700.00,700.00,'2015-10-30',809,2,1,3,3,'2015-11-12',700.00,'231',0.00,0),(337,666,650.00,650.00,'2015-10-30',808,2,1,3,3,'2015-11-12',650.00,'230',0.00,0),(338,667,650.00,650.00,'2015-10-30',801,2,1,3,3,'2015-11-15',650.00,'223',0.00,0),(339,668,700.00,700.00,'2015-10-26',722,1,1,3,3,'2015-11-02',700.00,'148',0.00,0),(340,669,650.00,650.00,'2015-10-24',701,2,1,3,3,'2015-11-06',650.00,'129',0.00,0),(341,670,700.00,700.00,'2015-10-14',532,2,1,3,3,'2015-10-28',700.00,'0',0.00,0),(342,671,600.00,600.00,'2015-10-13',517,2,1,3,3,'2015-10-28',600.00,'0',0.00,0),(343,672,950.00,950.00,'2015-10-10',460,1,1,3,3,'2015-11-14',950.00,'0',0.00,0),(345,674,600.00,600.00,'2015-10-20',624,2,1,3,3,'2015-11-10',600.00,'56',0.00,0),(346,675,650.00,650.00,'2015-10-05',329,2,1,3,3,'2015-10-10',650.00,'0',0.00,0),(347,676,1260.00,1260.00,'2015-10-16',558,2,1,3,3,'2015-11-11',1260.00,'0',0.00,0),(348,677,540.00,540.00,'2015-10-16',572,2,1,3,3,'2015-11-11',540.00,'7',0.00,0),(349,542,285.00,285.00,'2015-10-22',666,3,1,3,3,'2015-10-30',285.00,'94',0.00,0),(350,542,760.00,760.00,'2015-10-26',733,3,1,3,3,'2015-11-03',760.00,'159',0.00,0),(351,678,1200.00,1200.00,'2015-10-08',390,3,1,3,3,'2015-10-15',1200.00,'0',0.00,0),(352,679,600.00,0.00,'2015-10-21',645,3,1,3,2,'2015-10-28',600.00,'74',600.00,0),(353,680,1979.00,1979.00,'2015-10-19',596,7,1,3,3,'2015-10-30',1979.00,'30',0.00,0),(354,470,900.00,900.00,'2015-11-08',969,2,1,3,3,'2015-11-11',900.00,'380',0.00,0),(355,681,620.00,620.00,'2015-11-08',968,2,1,3,3,'2015-11-16',620.00,'379',0.00,0),(356,682,700.00,700.00,'2015-10-29',793,2,1,3,3,'2015-11-11',700.00,'214',0.00,0),(357,681,1148.00,1148.00,'2015-11-08',970,2,1,3,3,'2015-11-24',1148.00,'381',0.00,0),(358,683,650.00,650.00,'2015-11-08',971,2,1,3,3,'2015-11-16',650.00,'382',0.00,0),(359,684,1500.00,1500.00,'2015-10-20',635,4,1,3,3,'2015-10-30',1500.00,'458',0.00,0),(360,685,750.00,750.00,'2015-10-09',429,2,1,3,3,'2015-10-20',750.00,'0',0.00,0),(361,529,650.00,650.00,'2015-10-22',662,2,1,3,3,'2015-10-30',650.00,'90',0.00,0),(362,686,750.00,750.00,'2015-10-26',736,1,1,3,3,'2015-10-30',750.00,'162',0.00,0),(363,687,900.00,900.00,'2015-10-27',740,2,1,3,3,'2015-10-30',900.00,'166',0.00,0),(364,688,1200.00,1200.00,'2015-10-17',576,2,1,3,3,'2015-10-30',1200.00,'10',0.00,0),(365,689,1000.00,1000.00,'2015-10-19',609,2,1,3,3,'2015-10-28',1000.00,'41',0.00,0),(366,690,600.00,600.00,'2015-10-21',643,2,1,3,3,'2015-10-28',600.00,'73',0.00,0),(367,690,1320.00,1320.00,'2015-10-21',643,1,1,3,3,'2015-10-28',1320.00,'72',0.00,0),(368,691,250.00,250.00,'2015-10-23',669,1,1,3,3,'2015-10-30',250.00,'98',0.00,0),(369,692,650.00,650.00,'2015-10-13',502,2,1,3,3,'2015-10-27',650.00,'0',0.00,0),(370,693,752.00,752.00,'2015-10-20',619,7,1,3,3,'2015-10-30',752.00,'50',0.00,0),(371,694,700.00,700.00,'2015-10-19',607,2,1,3,3,'2015-10-24',700.00,'39',0.00,0),(372,695,1850.00,0.00,'2015-10-30',115,2,2,3,1,'2015-11-06',1387.50,'',1850.00,0),(373,696,700.00,700.00,'2015-10-31',58,2,2,3,3,'2015-11-23',525.00,'',0.00,0),(374,697,1125.00,1125.00,'2015-10-28',48,2,2,3,3,'2015-11-03',843.75,'',0.00,0),(375,698,540.00,540.00,'2015-10-29',52,2,2,3,3,'2015-11-05',405.00,'',0.00,0),(376,699,650.00,650.00,'2015-10-31',46,1,3,3,1,'2015-11-12',455.00,'',0.00,0),(377,700,750.00,750.00,'2015-10-31',181,2,4,3,3,'2015-11-07',525.00,'',0.00,0),(378,701,800.00,800.00,'2015-10-31',179,2,4,3,1,'2015-11-07',560.00,'',0.00,0),(379,702,600.00,600.00,'2015-10-13',506,2,1,3,3,'2015-10-27',600.00,'0',0.00,0),(380,703,1300.00,1300.00,'2015-10-13',509,4,1,3,3,'2015-10-27',1300.00,'445',0.00,0),(381,704,1250.00,1250.00,'2015-10-19',599,2,1,3,3,'2015-10-28',1250.00,'32',0.00,0),(382,705,1755.00,1755.00,'2015-10-14',538,2,1,3,3,'2015-10-28',1755.00,'0',0.00,0),(383,706,650.00,650.00,'2015-10-17',582,2,1,3,3,'2015-10-26',650.00,'16',0.00,0),(384,437,900.00,900.00,'2015-10-24',705,2,1,3,3,'2015-10-28',900.00,'133',0.00,0),(385,707,600.00,600.00,'2015-10-13',505,2,1,3,3,'2015-10-27',600.00,'0',0.00,0),(386,708,650.00,650.00,'2015-10-21',640,2,1,3,3,'2015-10-28',650.00,'70',0.00,0),(387,709,2100.00,2100.00,'2015-10-15',553,4,1,3,3,'2015-10-28',2100.00,'451',0.00,0),(388,710,650.00,650.00,'2015-10-13',513,2,1,3,3,'2015-10-27',650.00,'0',0.00,0),(389,616,510.00,510.00,'2015-11-08',972,2,1,3,2,'2015-11-25',510.00,'383',0.00,0),(390,616,750.00,750.00,'2015-11-08',973,4,1,3,3,'2015-11-25',750.00,'484',0.00,0),(391,711,750.00,750.00,'2015-10-15',548,2,1,3,3,'2015-10-28',750.00,'0',0.00,0),(392,711,410.00,410.00,'2015-10-15',549,7,1,3,3,'2015-10-28',410.00,'0',0.00,0),(393,712,600.00,600.00,'2015-10-21',646,1,1,3,3,'2015-10-28',600.00,'75',0.00,0),(394,381,700.00,700.00,'2015-10-21',639,2,1,3,3,'2015-10-28',700.00,'69',0.00,0),(395,713,700.00,700.00,'2015-10-13',512,2,1,3,3,'2015-10-27',700.00,'0',0.00,0),(396,714,1300.00,1300.00,'2015-10-12',475,2,1,3,3,'2015-10-22',1300.00,'0',0.00,0),(397,715,1400.00,1400.00,'2015-10-14',523,4,1,3,3,'2015-10-28',1400.00,'447',0.00,0),(398,716,1000.00,1000.00,'2015-10-13',501,2,1,3,3,'2015-10-27',1000.00,'0',0.00,0),(399,717,600.00,600.00,'2015-10-16',563,2,1,3,3,'2015-10-29',600.00,'0',0.00,0),(400,718,820.00,820.00,'2015-10-17',587,5,1,3,3,'2015-10-19',820.00,'21',0.00,0),(401,719,950.00,950.00,'2015-10-23',683,2,1,3,3,'2015-10-29',950.00,'111',0.00,0),(402,720,1200.00,1200.00,'2015-10-15',545,2,1,3,3,'2015-10-28',1200.00,'0',0.00,0),(403,721,800.00,800.00,'2015-10-15',557,2,1,3,3,'2015-10-29',800.00,'0',0.00,0),(404,722,750.00,750.00,'2015-10-14',531,2,1,3,3,'2015-10-28',750.00,'0',0.00,0),(405,723,420.00,420.00,'2015-10-16',562,2,1,3,3,'2015-10-29',420.00,'0',0.00,0),(406,724,2670.00,2670.00,'2015-10-22',649,2,1,3,3,'2015-10-29',2670.00,'77',0.00,0),(407,725,900.00,900.00,'2015-10-24',708,2,1,3,3,'2015-10-28',900.00,'135',0.00,0),(408,726,1100.00,1100.00,'2015-10-16',561,2,1,3,3,'2015-10-29',1100.00,'0',0.00,0),(409,727,225.00,225.00,'2015-10-19',598,3,1,3,3,'2015-10-27',225.00,'31',0.00,0),(410,728,600.00,600.00,'2015-10-19',608,2,1,3,3,'2015-10-29',600.00,'40',0.00,0),(411,729,1000.00,1000.00,'2015-10-13',514,2,1,3,3,'2015-10-27',1000.00,'0',0.00,0),(412,730,1450.00,1450.00,'2015-10-19',597,4,1,3,3,'2015-10-29',1450.00,'454',0.00,0),(413,731,250.00,250.00,'2015-10-15',540,1,1,3,3,'2015-10-20',250.00,'0',0.00,0),(414,732,650.00,650.00,'2015-10-23',673,2,1,3,3,'2015-10-30',650.00,'102',0.00,0),(415,733,1920.00,1920.00,'2015-10-24',699,2,1,3,3,'2015-10-31',1920.00,'127',0.00,0),(416,734,600.00,600.00,'2015-10-17',590,2,1,3,3,'2015-11-02',600.00,'24',0.00,0),(417,731,500.00,500.00,'2015-10-29',777,1,1,3,3,'2015-11-02',500.00,'198',0.00,0),(418,735,600.00,600.00,'2015-10-17',593,2,1,3,3,'2015-11-02',600.00,'27',0.00,0),(419,736,650.00,650.00,'2015-10-25',720,2,1,3,3,'2015-11-02',650.00,'146',0.00,0),(420,737,900.00,900.00,'2015-10-28',771,2,1,3,3,'2015-10-31',900.00,'192',0.00,0),(421,738,1500.00,1500.00,'2015-10-17',574,4,1,3,3,'2015-11-02',1500.00,'453',0.00,0),(422,739,1300.00,1300.00,'2015-10-23',678,2,1,3,3,'2015-10-30',1300.00,'106',0.00,0),(423,740,500.00,500.00,'2015-10-15',552,2,1,3,3,'2015-10-29',500.00,'0',0.00,0),(424,741,1850.00,1850.00,'2015-10-17',580,2,1,3,3,'2015-10-30',1850.00,'14',0.00,0),(425,742,700.00,700.00,'2015-10-23',674,2,1,3,3,'2015-10-30',700.00,'103',0.00,0),(426,743,600.00,600.00,'2015-10-20',623,2,1,3,3,'2015-11-02',600.00,'55',0.00,0),(427,493,900.00,900.00,'2015-10-27',741,2,1,3,3,'2015-10-30',900.00,'167',0.00,0),(428,744,350.00,350.00,'2015-10-16',559,2,1,3,3,'2015-10-29',350.00,'0',0.00,0),(429,746,420.00,420.00,'2015-10-01',293,5,1,3,3,'2015-10-02',420.00,'0',0.00,0),(430,747,100.00,100.00,'2015-10-05',0,3,1,3,3,'2015-10-05',100.00,'0',0.00,0),(431,748,1500.00,1500.00,'2015-10-01',288,3,1,3,3,'2015-10-06',1500.00,'0',0.00,0),(432,749,320.00,320.00,'2015-10-01',290,3,1,3,3,'2015-10-07',320.00,'0',0.00,0),(433,750,975.00,975.00,'2015-10-05',343,2,1,3,3,'2015-10-07',975.00,'0',0.00,0),(434,751,600.00,600.00,'2015-10-01',285,2,1,3,3,'2015-10-08',600.00,'0',0.00,0),(435,752,1200.00,1200.00,'2015-10-06',345,1,1,3,3,'2015-10-06',1200.00,'0',0.00,0),(436,753,2200.00,2200.00,'2015-10-01',296,2,1,3,3,'2015-10-08',2200.00,'0',0.00,0),(437,754,620.00,620.00,'2015-10-02',305,2,1,3,3,'2015-10-09',620.00,'0',0.00,0),(438,755,750.00,750.00,'2015-10-01',286,2,1,3,3,'2015-10-08',750.00,'0',0.00,0),(439,756,800.00,800.00,'2015-11-02',182,2,4,3,1,'2015-11-14',560.00,'',0.00,0),(440,757,1200.00,900.00,'2015-11-01',183,4,4,3,1,'2015-11-14',840.00,'',300.00,0),(441,758,1063.00,0.00,'2015-11-05',184,4,4,3,1,'2015-11-18',744.10,'',1063.00,0),(442,759,600.00,600.00,'2015-11-09',983,1,1,3,3,'2015-11-17',600.00,'389',0.00,0),(443,760,900.00,900.00,'2015-11-09',974,2,1,3,3,'2015-11-11',900.00,'384',0.00,0),(444,761,877.00,877.00,'2015-11-09',975,7,1,3,3,'2015-11-25',877.00,'385',0.00,0),(445,762,300.00,300.00,'2015-11-09',976,3,1,3,3,'2015-11-16',300.00,'386',0.00,0),(446,763,750.00,750.00,'2015-11-09',977,2,1,3,3,'2015-11-25',750.00,'387',0.00,0),(447,764,1250.00,1250.00,'2015-11-09',978,4,1,3,3,'2015-11-15',1250.00,'485',0.00,0),(448,435,1950.00,1950.00,'2015-11-09',979,1,1,3,3,'2015-11-17',1950.00,'388',0.00,0),(449,765,1395.00,1395.00,'2015-11-09',980,4,1,3,3,'2015-11-18',1395.00,'486',0.00,0),(450,765,1395.00,1395.00,'2015-11-09',981,4,1,3,3,'2015-11-18',1395.00,'487',0.00,0),(451,766,2400.00,2400.00,'2015-11-09',982,4,1,3,1,'2015-11-30',2400.00,'488',0.00,0),(452,449,1615.00,1615.00,'2015-10-08',382,7,1,3,3,'2015-10-19',1615.00,'0',0.00,0),(453,767,800.00,800.00,'2015-10-17',594,2,1,3,3,'2015-11-02',800.00,'28',0.00,0),(454,768,750.00,0.00,'2015-11-09',984,2,1,3,3,'2015-11-25',750.00,'390',750.00,0),(455,769,2090.00,2090.00,'2015-10-21',638,7,1,3,3,'2015-11-10',2090.00,'68',0.00,0),(456,770,750.00,750.00,'2015-10-21',647,2,1,3,3,'2015-11-02',750.00,'76',0.00,0),(457,771,1400.00,1400.00,'2015-10-19',610,2,1,3,3,'2015-10-29',1400.00,'42',0.00,0),(458,772,600.00,600.00,'2015-10-14',539,2,1,3,3,'2015-10-28',600.00,'0',0.00,0),(459,765,1628.00,1628.00,'2015-10-27',743,4,1,3,3,'2015-11-10',1628.00,'465',0.00,0),(460,765,1628.00,1628.00,'2015-10-27',744,4,1,3,3,'2015-11-10',1628.00,'466',0.00,0),(461,773,600.00,600.00,'2015-10-27',748,1,1,3,3,'2015-11-03',600.00,'171',0.00,0),(462,774,500.00,500.00,'2015-10-15',554,3,1,3,3,'2015-10-30',500.00,'0',0.00,0),(463,775,350.00,350.00,'2015-10-26',732,1,1,3,3,'2015-11-02',350.00,'158',0.00,0),(464,364,350.00,350.00,'2015-10-27',752,1,1,3,3,'2015-11-03',350.00,'175',0.00,0),(465,439,650.00,650.00,'2015-10-24',714,2,1,3,3,'2015-11-02',650.00,'141',0.00,0),(466,776,540.00,540.00,'2015-10-17',592,2,1,3,3,'2015-11-02',540.00,'26',0.00,0),(467,777,1300.00,1300.00,'2015-10-15',541,4,1,3,3,'2015-10-29',1300.00,'450',0.00,0),(468,778,428.00,428.00,'2015-10-22',653,7,1,3,3,'2015-11-03',428.00,'81',0.00,0),(469,779,1250.00,1250.00,'2015-10-20',626,4,1,3,3,'2015-10-30',1250.00,'457',0.00,0),(470,780,1250.00,1250.00,'2015-10-17',575,2,1,3,3,'2015-10-30',1250.00,'9',0.00,0),(471,780,650.00,650.00,'2015-10-17',577,2,1,3,3,'2015-10-23',650.00,'11',0.00,0),(472,781,1800.00,1800.00,'2015-10-23',667,2,1,3,3,'2015-10-31',1800.00,'95',0.00,0),(473,782,650.00,650.00,'2015-10-21',642,2,1,3,3,'2015-11-02',650.00,'71',0.00,0),(474,783,175.00,175.00,'2015-10-27',750,1,1,3,3,'2015-10-31',175.00,'173',0.00,0),(475,784,650.00,650.00,'2015-10-19',616,2,1,3,3,'2015-10-30',650.00,'47',0.00,0),(476,785,276.00,276.00,'2015-10-24',693,7,1,3,3,'2015-11-03',276.00,'121',0.00,0),(477,786,600.00,600.00,'2015-10-20',625,2,1,3,3,'2015-11-02',600.00,'57',0.00,0),(478,787,300.00,300.00,'2015-10-26',726,1,1,3,3,'2015-11-02',300.00,'152',0.00,0),(479,788,600.00,600.00,'2015-10-19',604,2,1,3,3,'2015-10-29',600.00,'36',0.00,0),(480,789,1000.00,1000.00,'2015-11-09',988,2,1,3,3,'2015-11-18',1000.00,'394',0.00,0),(481,789,900.00,900.00,'2015-11-09',987,2,1,3,3,'2015-11-18',900.00,'393',0.00,0),(482,790,500.00,500.00,'2015-11-09',986,2,1,3,3,'2015-11-25',500.00,'392',0.00,0),(483,668,1000.00,1000.00,'2015-11-09',985,3,1,3,3,'2015-11-11',1000.00,'391',0.00,0),(484,791,620.00,620.00,'2015-11-09',989,2,1,3,3,'2015-11-17',620.00,'395',0.00,0),(485,792,600.00,600.00,'2015-11-09',990,2,1,3,3,'2015-11-25',600.00,'396',0.00,0),(486,793,1340.00,1340.00,'2015-10-24',703,1,1,3,3,'2015-11-15',1340.00,'131',0.00,0),(487,794,930.00,930.00,'2015-11-09',0,2,1,3,3,'2015-11-11',930.00,'406',0.00,0),(488,795,800.00,800.00,'2015-11-09',999,2,1,3,3,'2015-11-25',800.00,'405',0.00,0),(489,796,1500.00,1500.00,'2015-11-09',998,2,1,3,3,'2015-11-25',1500.00,'404',0.00,0),(490,797,1000.00,1000.00,'2015-11-09',991,2,1,3,3,'2015-11-16',1000.00,'397',0.00,0),(491,798,232.00,232.00,'2015-11-09',992,7,1,3,3,'2015-11-23',232.00,'398',0.00,0),(492,799,1800.00,1800.00,'2015-11-09',993,2,1,3,3,'2015-11-25',1800.00,'399',0.00,0),(493,800,600.00,600.00,'2015-11-09',994,3,1,3,3,'2015-11-18',600.00,'400',0.00,0),(494,801,250.00,250.00,'2015-11-09',995,3,1,3,3,'2015-11-17',250.00,'401',0.00,0),(495,802,1250.00,1250.00,'2015-11-09',996,1,1,3,3,'2015-11-19',1250.00,'402',0.00,0),(496,803,650.00,650.00,'2015-11-09',997,2,1,3,3,'2015-11-19',650.00,'403',0.00,0),(497,804,2430.00,2430.00,'2015-11-09',1,2,1,3,3,'2015-11-26',2430.00,'407',0.00,0),(498,805,250.00,250.00,'2015-11-09',2,1,1,3,3,'2015-11-17',250.00,'408',0.00,0),(499,806,1350.00,1350.00,'2015-11-09',81,2,2,3,3,'2015-11-23',1012.50,'',0.00,0),(500,806,1350.00,1350.00,'2015-11-09',81,2,2,3,1,'2015-11-23',1012.50,'',0.00,0),(501,807,600.00,600.00,'2015-11-09',3,2,1,3,3,'2015-11-26',600.00,'409',0.00,0),(502,808,1100.00,0.00,'2015-11-09',79,2,2,3,1,'2015-11-21',825.00,'',1100.00,0),(503,809,700.00,700.00,'2015-11-09',78,2,2,3,3,'2015-11-20',525.00,'',0.00,0),(504,810,500.00,500.00,'2015-11-08',119,2,2,3,2,'2015-11-20',375.00,'',0.00,0),(505,811,540.00,540.00,'2015-11-08',77,2,2,3,3,'2015-11-20',405.00,'',0.00,0),(506,812,700.00,700.00,'2015-11-08',76,2,2,3,1,'2015-11-20',525.00,'',0.00,0),(507,813,2160.00,2160.00,'2015-11-07',118,2,2,3,1,'2015-11-20',1620.00,'',0.00,0),(508,814,2670.00,2670.00,'2015-11-07',117,2,2,3,1,'2015-11-21',2002.50,'',0.00,0),(509,815,700.00,700.00,'2015-11-07',75,2,2,3,1,'2015-11-19',525.00,'',0.00,0),(510,816,700.00,700.00,'2015-11-07',74,2,2,3,3,'2015-11-18',525.00,'',0.00,0),(511,817,700.00,700.00,'2015-11-07',73,2,2,3,3,'2015-11-18',525.00,'',0.00,0),(512,818,700.00,700.00,'2015-11-05',52,3,2,3,3,'2015-11-18',525.00,'',0.00,0),(513,544,1237.00,1237.00,'2015-10-19',613,7,1,4,3,'2015-11-06',1237.00,'044',0.00,0),(514,819,638.00,638.00,'2015-11-10',4,2,1,4,3,'2015-11-26',638.00,'410',0.00,0),(515,820,1650.00,1650.00,'2015-11-10',5,2,1,4,3,'2015-11-26',1650.00,'411',0.00,0),(516,821,1350.00,1350.00,'2015-11-10',6,2,1,4,3,'2015-11-26',1350.00,'412',0.00,0),(517,822,600.00,600.00,'2015-11-10',7,3,1,4,3,'2015-11-19',600.00,'413',0.00,0),(518,823,525.00,525.00,'2015-11-10',8,1,1,4,3,'2015-11-14',525.00,'414',0.00,0),(519,824,600.00,600.00,'2015-11-10',9,2,1,4,3,'2015-11-27',600.00,'415',0.00,0),(520,825,570.00,570.00,'2015-11-10',10,7,1,4,3,'2015-11-26',570.00,'416',0.00,0),(521,826,791.00,791.00,'2015-11-10',11,1,1,4,3,'2015-11-18',791.00,'417',0.00,0),(522,827,700.00,0.00,'2015-11-10',12,2,1,4,2,'2015-11-26',700.00,'418',700.00,0),(523,828,1250.00,0.00,'2015-11-10',13,4,1,4,2,'2015-11-26',1250.00,'489',1250.00,0),(524,829,1400.00,0.00,'2015-11-10',14,4,1,4,2,'2015-11-26',1400.00,'490',1400.00,0),(525,830,0.00,0.00,'2015-11-10',15,4,1,4,3,'2015-11-19',0.00,'491',0.00,0),(526,831,1125.00,1125.00,'2015-11-10',16,2,1,4,3,'2015-11-19',1125.00,'419',0.00,0),(527,832,1450.00,1450.00,'2015-11-10',17,4,1,4,3,'2015-11-26',1450.00,'492',0.00,0),(528,833,2035.00,2035.00,'2015-11-10',18,7,1,4,3,'2015-11-26',2035.00,'420',0.00,0),(529,834,669.00,669.00,'2015-11-10',19,7,1,4,3,'2015-11-26',669.00,'421',0.00,0),(530,835,120.00,120.00,'2015-11-10',20,3,1,4,3,'2015-11-18',120.00,'422',0.00,0),(531,836,700.00,700.00,'2015-11-10',21,2,1,4,3,'2015-11-19',700.00,'423',0.00,0),(532,837,1250.00,1250.00,'2015-10-21',648,4,1,4,3,'2015-11-10',1250.00,'461',0.00,0),(533,838,540.00,540.00,'2015-11-10',82,5,2,4,3,'2015-11-23',405.00,'',0.00,0),(534,839,190.00,190.00,'2015-11-10',80,5,2,4,3,'2015-11-23',142.50,'',0.00,0),(535,840,650.00,650.00,'2015-11-10',83,2,2,4,3,'2015-11-23',487.50,'',0.00,0),(536,841,900.00,900.00,'2015-11-10',84,2,2,4,3,'2015-11-13',675.00,'',0.00,0),(537,842,1250.00,1250.00,'2015-10-21',644,4,1,4,3,'2015-11-03',1250.00,'460',0.00,0),(538,843,620.00,620.00,'2015-11-11',22,2,1,4,3,'2015-11-19',620.00,'424',0.00,0),(539,844,900.00,900.00,'2015-11-11',23,2,1,4,3,'2015-11-18',900.00,'425',0.00,0),(540,845,1250.00,1250.00,'2015-11-11',24,2,1,4,3,'2015-11-27',1250.00,'426',0.00,0),(541,846,1088.00,1088.00,'2015-11-11',25,4,1,4,3,'2015-11-19',1088.00,'427',0.00,0),(542,847,650.00,650.00,'2015-11-11',26,2,1,4,1,'2015-11-27',650.00,'428',0.00,0),(543,848,350.00,350.00,'2015-11-11',27,1,1,4,3,'2015-11-23',350.00,'429',0.00,0),(544,849,600.00,600.00,'2015-11-11',28,2,1,4,3,'2015-11-27',600.00,'430',0.00,0),(545,850,1640.00,1640.00,'2015-11-11',29,7,1,4,2,'2015-11-27',1640.00,'431',0.00,0),(546,851,700.00,700.00,'2015-11-11',30,2,1,4,3,'2015-11-22',700.00,'432',0.00,0),(547,852,350.00,350.00,'2015-11-11',31,3,1,4,3,'2015-11-19',350.00,'433',0.00,0),(548,853,525.00,525.00,'2015-11-11',32,1,1,4,3,'2015-11-16',525.00,'434',0.00,0),(549,854,700.00,700.00,'2015-10-01',282,2,1,3,3,'2015-10-08',700.00,'0',0.00,0),(550,855,620.00,620.00,'2015-10-05',338,2,1,3,3,'2015-10-09',620.00,'0',0.00,0),(551,760,375.00,375.00,'2015-10-08',378,1,1,3,3,'2015-10-09',375.00,'0',0.00,0),(552,856,750.00,750.00,'2015-10-03',317,2,1,3,3,'2015-10-09',750.00,'0',0.00,0),(553,857,650.00,650.00,'2015-10-02',309,2,1,3,3,'2015-10-09',650.00,'0',0.00,0),(554,858,1300.00,1300.00,'2015-10-03',318,2,1,3,3,'2015-10-09',1300.00,'0',0.00,0),(555,859,600.00,600.00,'2015-10-02',310,2,1,3,3,'2015-10-09',600.00,'0',0.00,0),(556,860,600.00,600.00,'2015-10-03',26,3,3,3,3,'2015-10-12',420.00,'0',0.00,0),(557,861,760.00,760.00,'2015-10-01',289,7,1,3,3,'2015-10-09',760.00,'0',0.00,0),(558,862,1400.00,1400.00,'2015-10-02',297,2,1,3,3,'2015-10-09',1400.00,'0',0.00,0),(559,863,650.00,650.00,'2015-10-05',337,2,1,3,3,'2015-10-09',650.00,'0',0.00,0),(560,863,1250.00,1250.00,'2015-10-05',336,2,1,3,3,'2015-10-09',1250.00,'0',0.00,0),(561,864,1150.00,1150.00,'2015-10-02',299,2,1,3,3,'2015-10-09',1150.00,'0',0.00,0),(562,865,1125.00,1125.00,'2015-11-12',33,2,1,3,3,'2015-11-17',1125.00,'435',0.00,0),(563,866,650.00,650.00,'2015-10-05',332,2,1,3,3,'2015-10-10',650.00,'0',0.00,0),(564,782,1300.00,1300.00,'2015-10-01',278,2,1,3,3,'2015-10-08',1300.00,'0',0.00,0),(565,867,600.00,600.00,'2015-10-02',301,2,1,3,3,'2015-10-09',600.00,'0',0.00,0),(566,868,300.00,300.00,'2015-10-08',392,2,1,3,3,'2015-10-09',300.00,'0',0.00,0),(567,869,1710.00,1710.00,'2015-10-01',292,2,1,3,3,'2015-10-08',1710.00,'0',0.00,0),(568,870,650.00,650.00,'2015-10-03',316,2,1,3,3,'2015-10-09',650.00,'0',0.00,0),(569,746,230.00,230.00,'2015-10-02',306,5,1,3,3,'2015-10-05',230.00,'0',0.00,0),(570,871,2150.00,2150.00,'2015-10-02',308,2,1,3,3,'2015-10-09',2150.00,'0',0.00,0),(571,872,650.00,650.00,'2015-11-12',36,2,1,3,3,'2015-11-19',650.00,'438',0.00,0),(572,873,600.00,600.00,'2015-11-12',35,3,1,3,3,'2015-11-19',600.00,'437',0.00,0),(573,413,1350.00,1350.00,'2015-11-12',34,2,1,3,3,'2015-11-27',1350.00,'436',0.00,0),(574,874,600.00,600.00,'2015-11-12',37,2,1,3,3,'2015-11-27',600.00,'439',0.00,0),(575,875,1037.00,1037.00,'2015-11-12',38,7,1,3,3,'2015-11-27',1037.00,'440',0.00,0),(576,876,620.00,620.00,'2015-11-12',40,2,1,3,3,'2015-11-19',620.00,'441',0.00,0),(577,877,1800.00,1800.00,'2015-11-12',39,4,1,3,1,'2015-11-30',1800.00,'493',0.00,0),(578,878,140.00,140.00,'2015-11-10',47,3,3,3,1,'2015-11-24',98.00,'',0.00,0),(579,879,500.00,500.00,'2015-11-11',48,3,3,3,1,'2015-11-24',350.00,'',0.00,0),(580,880,350.00,350.00,'2015-11-12',41,1,1,3,3,'2015-11-17',350.00,'442',0.00,0),(581,881,700.00,700.00,'2015-11-12',43,2,1,3,3,'2015-11-16',700.00,'444',0.00,0),(582,882,620.00,620.00,'2015-11-12',42,2,1,3,3,'2015-11-19',620.00,'443',0.00,0),(583,542,855.00,855.00,'2015-11-12',44,2,1,3,3,'2015-11-27',855.00,'445',0.00,0),(584,883,750.00,750.00,'2015-11-12',45,2,1,3,3,'2015-11-27',750.00,'446',0.00,0),(585,354,500.00,500.00,'2015-11-12',46,3,1,3,3,'2015-11-27',500.00,'447',0.00,0),(586,529,830.00,830.00,'2015-11-12',47,2,1,3,3,'2015-11-19',830.00,'448',0.00,0),(587,884,500.00,500.00,'2015-11-12',48,3,1,3,3,'2015-11-23',500.00,'449',0.00,0),(588,885,700.00,700.00,'2015-11-12',91,2,2,3,1,'2015-11-27',525.00,'709',0.00,0),(589,886,675.00,500.00,'2015-11-12',92,2,2,3,1,'2015-11-27',506.25,'707',175.00,0),(590,887,630.00,630.00,'2015-11-12',90,2,2,3,2,'2015-11-27',472.50,'706',0.00,0),(591,888,2520.00,2520.00,'2015-11-11',120,2,2,3,1,'2015-11-26',1890.00,'705',0.00,0),(592,889,370.00,370.00,'2015-11-11',88,3,2,3,1,'2015-11-26',277.50,'704',0.00,0),(593,890,900.00,900.00,'2015-11-11',87,2,2,3,1,'2015-11-26',675.00,'703',0.00,0),(594,891,630.00,630.00,'2015-11-10',86,2,2,3,1,'2015-11-24',472.50,'702',0.00,0),(595,892,700.00,700.00,'2015-11-10',85,2,2,3,1,'2015-11-24',525.00,'701',0.00,0),(596,893,650.00,650.00,'2015-10-05',328,2,1,3,3,'2015-10-10',650.00,'0',0.00,0),(597,894,1100.00,1100.00,'2015-10-05',341,3,1,3,3,'2015-10-10',1100.00,'0',0.00,0),(598,895,600.00,600.00,'2015-10-01',287,2,1,3,3,'2015-10-08',600.00,'0',0.00,0),(599,672,1250.00,1250.00,'2015-10-03',325,3,1,3,3,'2015-10-09',1250.00,'0',0.00,0),(600,896,650.00,650.00,'2015-10-03',315,2,1,3,3,'2015-10-09',650.00,'0',0.00,0),(601,759,500.00,500.00,'2015-10-06',350,1,1,3,3,'2015-10-10',500.00,'0',0.00,0),(602,539,350.00,350.00,'2015-11-12',49,1,1,3,2,'2015-11-19',350.00,'450',0.00,0),(603,399,650.00,650.00,'2015-10-03',319,2,1,3,3,'2015-10-09',650.00,'0',0.00,0),(604,897,650.00,650.00,'2015-10-03',311,2,1,3,3,'2015-10-09',650.00,'0',0.00,0),(605,898,700.00,700.00,'2015-10-03',326,2,1,3,3,'2015-10-09',700.00,'0',0.00,0),(606,899,1378.00,1378.00,'2015-10-03',320,2,1,3,3,'2015-10-09',1378.00,'0',0.00,0),(607,900,650.00,650.00,'2015-10-02',298,2,1,3,3,'2015-10-09',650.00,'0',0.00,0),(608,404,650.00,650.00,'2015-10-03',323,2,1,3,3,'2015-10-09',650.00,'0',0.00,0),(609,901,500.00,500.00,'2015-10-02',302,3,1,3,3,'2015-10-09',500.00,'0',0.00,0),(610,902,1100.00,1100.00,'2015-10-01',280,2,1,3,3,'2015-10-08',1100.00,'0',0.00,0),(611,903,620.00,620.00,'2015-10-05',333,2,1,3,3,'2015-10-10',620.00,'0',0.00,0),(612,904,650.00,650.00,'2015-10-05',330,2,1,3,3,'2015-10-10',650.00,'0',0.00,0),(613,905,650.00,650.00,'2015-11-13',50,2,1,3,3,'2015-11-22',650.00,'451',0.00,0),(614,906,900.00,900.00,'2015-10-12',469,2,1,3,3,'2015-10-13',900.00,'0',0.00,0),(615,907,585.00,585.00,'2015-10-03',314,2,1,3,3,'2015-10-09',585.00,'0',0.00,0),(616,908,250.00,250.00,'2015-11-13',51,1,1,3,3,'2015-11-20',250.00,'452',0.00,0),(617,372,375.00,375.00,'2015-10-09',416,1,1,3,3,'2015-10-12',375.00,'0',0.00,0),(618,909,650.00,650.00,'2015-10-08',388,2,1,3,3,'2015-10-15',650.00,'0',0.00,0),(619,910,600.00,600.00,'2015-10-02',300,2,1,3,3,'2015-10-09',600.00,'0',0.00,0),(620,911,700.00,700.00,'2015-10-08',294,2,1,3,3,'2015-10-08',700.00,'0',0.00,0),(621,912,3150.00,1000.00,'2015-11-13',52,2,1,3,1,'2015-11-30',3150.00,'453',2150.00,0),(622,913,1750.00,1750.00,'2015-10-06',346,2,1,3,3,'2015-10-13',1750.00,'0',0.00,0),(623,914,650.00,650.00,'2015-10-05',339,2,1,3,3,'2015-10-09',650.00,'0',0.00,0),(624,915,895.00,895.00,'2015-10-03',321,7,1,3,3,'2015-10-13',895.00,'0',0.00,0),(625,915,650.00,650.00,'2015-10-03',322,2,1,3,3,'2015-10-13',650.00,'0',0.00,0),(626,916,320.00,320.00,'2015-10-01',279,3,1,3,3,'2015-10-07',320.00,'0',0.00,0),(627,917,656.00,656.00,'2015-10-03',313,7,1,3,3,'2015-10-13',656.00,'0',0.00,0),(628,918,650.00,650.00,'2015-10-10',340,2,1,3,3,'2015-10-10',650.00,'0',0.00,0),(629,919,650.00,650.00,'2015-10-05',331,2,1,3,3,'2015-10-10',650.00,'0',0.00,0),(630,844,1125.00,1125.00,'2015-10-06',356,2,1,3,3,'2015-10-13',1125.00,'0',0.00,0),(631,920,1450.00,1450.00,'2015-10-01',281,4,1,3,3,'2015-10-13',1450.00,'429',0.00,0),(632,921,650.00,650.00,'2015-10-06',358,2,1,3,3,'2015-10-13',650.00,'0',0.00,0),(633,922,1845.00,1845.00,'2015-10-05',64,2,2,3,3,'2015-10-12',1383.75,'',0.00,0),(634,923,1600.00,1600.00,'2015-10-06',348,2,1,3,3,'2015-10-13',1600.00,'0',0.00,0),(635,924,650.00,650.00,'2015-10-07',359,2,1,3,3,'2015-10-14',650.00,'0',0.00,0),(636,925,600.00,600.00,'2015-10-06',344,3,1,3,3,'2015-10-12',600.00,'0',0.00,0),(637,926,1300.00,1300.00,'2015-10-07',362,2,1,3,3,'2015-10-14',1300.00,'0',0.00,0),(638,927,150.00,150.00,'2015-10-09',413,4,1,3,3,'2015-10-14',150.00,'0',0.00,0),(639,928,620.00,620.00,'2015-11-13',53,2,1,3,3,'2015-11-20',620.00,'454',0.00,0),(640,929,1200.00,1200.00,'2015-11-13',54,2,1,3,1,'2015-11-30',1200.00,'455',0.00,0),(641,930,350.00,350.00,'2015-10-07',377,1,1,3,3,'2015-10-14',350.00,'0',0.00,0),(642,931,650.00,650.00,'2015-10-07',360,2,1,3,3,'2015-10-14',650.00,'0',0.00,0),(643,932,700.00,700.00,'2015-10-06',357,2,1,3,3,'2015-10-13',700.00,'0',0.00,0),(644,933,620.00,620.00,'2015-11-13',55,2,1,3,3,'2015-11-20',620.00,'456',0.00,0),(645,934,600.00,600.00,'2015-10-07',365,2,1,3,3,'2015-10-14',600.00,'0',0.00,0),(646,935,1400.00,1400.00,'2015-11-13',59,4,1,3,3,'2015-11-27',1400.00,'494',0.00,0),(647,936,760.00,760.00,'2015-11-13',58,2,1,3,3,'2015-11-20',760.00,'459',0.00,0),(648,594,550.00,550.00,'2015-11-13',60,1,1,3,3,'2015-11-20',550.00,'460',0.00,0),(649,937,750.00,750.00,'2015-11-13',57,2,1,3,1,'2015-11-30',750.00,'458',0.00,0),(650,938,750.00,750.00,'2015-11-13',56,2,1,3,1,'2015-11-30',750.00,'457',0.00,0),(651,731,750.00,750.00,'2015-10-07',372,1,1,3,3,'2015-10-13',750.00,'0',0.00,0),(652,939,650.00,650.00,'2015-10-08',403,2,1,3,3,'2015-10-15',650.00,'0',0.00,0),(653,940,1000.00,1000.00,'2015-10-05',334,4,1,3,3,'2015-10-14',1000.00,'431',0.00,0),(654,941,650.00,650.00,'2015-10-08',384,2,1,3,3,'2015-10-15',650.00,'0',0.00,0),(655,942,1300.00,1300.00,'2015-10-07',366,2,1,3,3,'2015-10-14',1300.00,'0',0.00,0),(656,767,650.00,650.00,'2015-10-07',371,2,1,3,3,'2015-10-14',650.00,'0',0.00,0),(657,943,600.00,600.00,'2015-10-08',398,2,1,3,3,'2015-10-15',600.00,'0',0.00,0),(658,944,1200.00,1200.00,'2015-10-09',412,2,1,3,3,'2015-10-16',1200.00,'0',0.00,0),(659,945,600.00,600.00,'2015-11-13',63,3,1,3,3,'2015-11-20',600.00,'463',0.00,0),(660,731,520.00,520.00,'2015-11-13',65,1,1,3,3,'2015-11-18',520.00,'464',0.00,0),(661,946,1450.00,1450.00,'2015-11-13',64,4,1,3,3,'2015-11-27',1450.00,'495',0.00,0),(662,947,642.00,642.00,'2015-11-13',62,7,1,3,3,'2015-11-27',642.00,'462',0.00,0),(663,948,270.00,270.00,'2015-11-13',61,1,1,3,3,'2015-11-20',270.00,'461',0.00,0),(664,949,1305.00,1305.00,'2015-10-30',810,4,1,3,3,'2015-11-13',1305.00,'471',0.00,0),(665,950,1550.00,1550.00,'2015-10-07',370,2,1,3,3,'2015-10-14',1550.00,'0',0.00,0),(666,951,600.00,600.00,'2015-10-08',380,2,1,3,3,'2015-10-15',600.00,'0',0.00,0),(667,751,500.00,500.00,'2015-10-08',402,2,1,3,3,'2015-10-15',500.00,'0',0.00,0),(668,952,558.00,558.00,'2015-10-09',415,2,1,3,3,'2015-10-16',558.00,'0',0.00,0),(669,953,1500.00,1500.00,'2015-10-09',410,4,1,3,3,'2015-10-13',1500.00,'441',0.00,0),(670,954,700.00,0.00,'2015-11-12',187,2,4,3,1,'2015-11-21',490.00,'801',700.00,0),(671,955,700.00,0.00,'2015-11-11',186,2,4,3,1,'2015-11-21',490.00,'800',700.00,0),(672,956,700.00,0.00,'2015-11-08',185,2,4,3,1,'2015-11-21',490.00,'',700.00,0),(673,957,800.00,800.00,'2015-11-14',66,2,1,3,3,'2015-11-22',800.00,'465',0.00,0),(674,958,1250.00,1250.00,'2015-10-08',404,2,1,3,3,'2015-10-16',1250.00,'0',0.00,0),(675,959,2268.00,2268.00,'2015-10-07',363,3,1,3,3,'2015-10-16',2268.00,'0',0.00,0),(676,960,1050.00,1050.00,'2015-10-12',489,1,1,3,3,'2015-10-16',1050.00,'0',0.00,0),(677,961,650.00,650.00,'2015-10-09',407,2,1,3,3,'2015-10-16',650.00,'0',0.00,0),(678,962,1140.00,1140.00,'2015-10-02',303,7,1,4,3,'2015-10-16',1140.00,'0',0.00,0),(679,963,1950.00,1950.00,'2015-10-01',283,2,1,4,3,'2015-10-16',1950.00,'0',0.00,0),(680,964,1800.00,1800.00,'2015-10-01',284,2,1,4,3,'2015-10-16',1800.00,'0',0.00,0),(681,965,650.00,650.00,'2015-10-10',449,2,1,4,3,'2015-10-16',650.00,'0',0.00,0),(682,966,1350.00,1350.00,'2015-10-07',376,2,1,4,3,'2015-10-16',1350.00,'0',0.00,0),(683,967,1400.00,1400.00,'2015-11-14',67,2,1,4,1,'2015-11-30',1400.00,'466',0.00,0),(684,968,650.00,650.00,'2015-10-10',440,2,1,4,3,'2015-10-16',650.00,'0',0.00,0),(685,969,650.00,650.00,'2015-10-07',375,2,1,4,3,'2015-10-16',650.00,'0',0.00,0),(686,970,250.00,250.00,'2015-10-09',428,3,1,4,3,'2015-10-16',250.00,'0',0.00,0),(687,971,650.00,650.00,'2015-10-08',400,2,1,4,3,'2015-10-16',650.00,'0',0.00,0),(688,972,650.00,650.00,'2015-10-09',424,2,1,4,3,'2015-10-16',650.00,'0',0.00,0),(689,973,750.00,750.00,'2015-10-09',414,2,1,4,3,'2015-10-16',750.00,'0',0.00,0),(690,974,800.00,800.00,'2015-10-09',406,2,1,4,3,'2015-10-16',800.00,'0',0.00,0),(691,975,1300.00,1300.00,'2015-10-08',399,2,1,4,3,'2015-10-16',1300.00,'0',0.00,0),(692,976,600.00,600.00,'2015-10-07',367,2,1,4,3,'2015-10-16',600.00,'0',0.00,0),(693,977,1000.00,1000.00,'2015-10-07',368,2,1,4,3,'2015-10-16',1000.00,'0',0.00,0),(694,979,600.00,600.00,'2015-11-14',68,3,1,4,3,'2015-11-23',600.00,'467',0.00,0),(695,980,600.00,600.00,'2015-10-09',408,2,1,4,3,'2015-10-16',600.00,'0',0.00,0),(696,981,300.00,300.00,'2015-10-14',530,3,1,4,3,'2015-10-16',300.00,'0',0.00,0),(697,982,800.00,800.00,'2015-11-14',69,2,1,4,1,'2015-12-01',800.00,'468',0.00,0),(698,983,650.00,650.00,'2015-10-09',418,2,1,4,3,'2015-10-16',650.00,'0',0.00,0),(699,984,730.00,730.00,'2015-10-08',387,3,1,4,3,'2015-10-16',730.00,'0',0.00,0),(700,985,700.00,700.00,'2015-08-31',938,3,1,4,3,'2015-10-16',700.00,'0',0.00,0),(701,986,1600.00,1600.00,'2015-10-08',379,2,1,4,3,'2015-10-16',1600.00,'0',0.00,0),(702,987,1628.00,1628.00,'2015-10-06',355,4,1,4,3,'2015-10-16',1628.00,'437',0.00,0),(703,988,350.00,350.00,'2015-11-14',70,1,1,4,3,'2015-11-23',350.00,'469',0.00,0),(704,989,1628.00,1628.00,'2015-10-06',355,4,1,4,3,'2015-10-16',1628.00,'436',0.00,0),(705,990,1628.00,1628.00,'2015-10-12',474,4,1,4,3,'2015-10-16',1628.00,'443',0.00,0),(706,991,1628.00,1628.00,'2015-10-12',474,4,1,4,3,'2015-10-16',1628.00,'444',0.00,0),(707,992,1000.00,1000.00,'2015-10-07',369,4,1,4,3,'2015-10-16',1000.00,'438',0.00,0),(708,993,800.00,800.00,'2015-10-09',425,2,1,4,3,'2015-10-17',800.00,'0',0.00,0),(709,994,200.00,200.00,'2015-10-17',583,2,1,4,3,'2015-10-17',200.00,'017',0.00,0),(710,995,700.00,700.00,'2015-10-13',503,2,1,4,3,'2015-10-17',700.00,'0',0.00,0),(711,996,650.00,650.00,'2015-10-12',498,2,1,4,3,'2015-10-17',650.00,'0',0.00,0),(712,997,1140.00,1140.00,'2015-10-12',472,1,1,4,3,'2015-10-17',1140.00,'0',0.00,0),(713,998,700.00,700.00,'2015-10-12',96,2,2,4,3,'2015-10-17',525.00,'',0.00,0),(714,999,800.00,800.00,'2015-10-10',454,2,1,4,3,'2015-10-17',800.00,'0',0.00,0),(715,1000,2620.00,2620.00,'2015-10-07',373,2,1,4,3,'2015-10-17',2620.00,'0',0.00,0),(716,1001,750.00,750.00,'2015-10-12',480,2,1,4,3,'2015-10-17',750.00,'0',0.00,0),(717,1002,600.00,600.00,'2015-10-10',452,3,1,4,3,'2015-10-17',600.00,'0',0.00,0),(718,1003,1350.00,1350.00,'2015-10-09',417,1,1,4,3,'2015-10-17',1350.00,'0',0.00,0),(719,1004,1200.00,1200.00,'2015-10-09',420,1,1,4,3,'2015-10-17',1200.00,'0',0.00,0),(720,1005,750.00,750.00,'2015-10-07',391,2,1,4,3,'2015-10-17',750.00,'0',0.00,0),(721,1006,700.00,700.00,'2015-10-09',81,2,2,4,3,'2015-10-17',525.00,'',0.00,0),(722,1007,600.00,600.00,'2015-10-12',491,1,1,4,3,'2015-10-17',600.00,'0',0.00,0),(723,1008,650.00,650.00,'2015-10-12',490,2,1,4,3,'2015-10-17',650.00,'0',0.00,0),(724,1009,1450.00,1450.00,'2015-10-05',374,4,1,4,3,'2015-10-17',1450.00,'439',0.00,0),(725,1010,325.00,325.00,'2015-10-09',409,2,1,4,3,'2015-10-17',325.00,'0',0.00,0),(726,1011,1900.00,1900.00,'2015-10-08',394,3,1,4,3,'2015-10-17',1900.00,'0',0.00,0),(727,1012,700.00,700.00,'2015-10-13',508,2,1,4,3,'2015-10-17',700.00,'0',0.00,0),(728,1013,1250.00,1250.00,'2015-10-12',473,2,1,4,3,'2015-10-17',1250.00,'0',0.00,0),(729,743,1300.00,1300.00,'2015-10-12',471,2,1,4,3,'2015-10-17',1300.00,'0',0.00,0),(730,870,1475.00,1475.00,'2015-10-09',411,2,1,4,3,'2015-10-16',1475.00,'0',0.00,0),(731,994,238.00,238.00,'2015-10-10',433,3,1,4,3,'2015-10-16',238.00,'0',0.00,0),(732,1014,1000.00,1000.00,'2015-10-01',291,4,1,4,3,'2015-10-09',1000.00,'430',0.00,0),(733,1015,900.00,900.00,'2015-10-08',401,2,1,4,3,'2015-10-19',900.00,'0',0.00,0),(734,1016,1250.00,1250.00,'2015-10-06',349,4,1,4,3,'2015-10-19',1250.00,'432',0.00,0),(735,1016,1200.00,1200.00,'2015-10-06',351,4,1,4,3,'2015-10-19',1200.00,'433',0.00,0),(736,1016,1400.00,1400.00,'2015-10-06',352,4,1,4,3,'2015-10-19',1400.00,'434',0.00,0),(737,1017,600.00,600.00,'2015-10-07',361,2,1,4,3,'2015-10-19',600.00,'0',0.00,0),(738,1018,1170.00,1170.00,'2015-10-13',511,2,1,4,3,'2015-10-19',1170.00,'0',0.00,0),(739,1019,645.00,645.00,'2015-10-11',94,7,2,4,3,'2015-10-19',483.75,'',0.00,0),(740,1020,600.00,600.00,'2015-10-07',364,2,1,4,3,'2015-10-19',600.00,'0',0.00,0),(741,1021,855.00,855.00,'2015-10-12',484,2,1,4,3,'2015-10-19',855.00,'0',0.00,0),(742,1022,600.00,600.00,'2015-10-09',421,3,1,4,3,'2015-10-19',600.00,'0',0.00,0),(743,1023,650.00,650.00,'2015-10-09',423,2,1,4,3,'2015-10-19',650.00,'0',0.00,0),(744,1024,2020.00,2020.00,'2015-10-06',347,2,1,4,3,'2015-10-19',2020.00,'0',0.00,0),(745,1025,900.00,900.00,'2015-10-14',521,3,1,4,3,'2015-10-19',900.00,'0',0.00,0),(746,1026,494.00,494.00,'2015-10-10',431,7,1,4,3,'2015-10-20',494.00,'0',0.00,0),(747,1027,1000.00,1000.00,'2015-10-08',396,2,1,4,3,'2015-10-20',1000.00,'0',0.00,0),(748,1028,228.00,228.00,'2015-10-12',470,3,1,4,3,'2015-10-20',228.00,'0',0.00,0),(749,1029,585.00,585.00,'2015-10-13',519,2,1,4,3,'2015-10-20',585.00,'0',0.00,0),(750,1030,750.00,750.00,'2015-10-19',603,2,1,4,3,'2015-10-20',750.00,'035',0.00,0),(751,1031,754.00,754.00,'2015-10-10',437,7,1,4,3,'2015-10-20',754.00,'0',0.00,0),(752,1032,540.00,540.00,'2015-10-19',618,2,1,4,3,'2015-10-20',540.00,'049',0.00,0),(753,1033,150.00,150.00,'2015-10-20',210,2,1,4,3,'2015-10-20',150.00,'053',0.00,0),(754,1034,190.00,190.00,'2015-10-12',101,5,2,4,3,'2015-10-20',142.50,'',0.00,0),(755,1035,1200.00,1200.00,'2015-10-17',589,2,1,4,3,'2015-10-20',1200.00,'023',0.00,0),(756,1036,650.00,650.00,'2015-10-10',446,2,1,4,3,'2015-10-20',650.00,'0',0.00,0),(757,1037,650.00,650.00,'2015-10-12',492,2,1,4,3,'2015-10-20',650.00,'0',0.00,0),(758,749,350.00,350.00,'2015-10-14',533,1,1,4,3,'2015-10-20',350.00,'0',0.00,0),(759,1038,650.00,650.00,'2015-10-12',488,2,1,4,3,'2015-10-20',650.00,'0',0.00,0),(760,1039,750.00,750.00,'2015-10-13',518,3,1,4,3,'2015-10-20',750.00,'0',0.00,0),(761,1040,600.00,600.00,'2015-10-08',393,2,1,4,3,'2015-10-20',600.00,'0',0.00,0),(762,1041,1000.00,1000.00,'2015-10-06',353,4,1,4,3,'2015-10-20',1000.00,'435',0.00,0),(763,1042,1050.00,1050.00,'2015-10-10',459,1,1,4,3,'2015-10-20',1050.00,'0',0.00,0),(764,1043,650.00,650.00,'2015-10-12',486,2,1,4,3,'2015-10-20',650.00,'0',0.00,0),(765,1044,1800.00,1800.00,'2015-10-05',327,3,1,4,3,'2015-10-20',1800.00,'0',0.00,0),(766,1045,600.00,600.00,'2015-10-12',493,3,1,4,3,'2015-10-20',600.00,'0',0.00,0),(767,901,300.00,300.00,'2015-10-12',493,7,1,4,3,'2015-10-20',300.00,'0',0.00,0),(768,1046,620.00,620.00,'2015-10-12',482,2,1,4,3,'2015-10-20',620.00,'0',0.00,0),(769,1047,600.00,600.00,'2015-10-10',432,2,1,4,3,'2015-10-20',600.00,'0',0.00,0),(770,1048,500.00,500.00,'2015-10-07',397,2,1,4,3,'2015-10-20',500.00,'0',0.00,0),(771,1049,650.00,650.00,'2015-10-08',381,2,1,4,3,'2015-10-21',650.00,'0',0.00,0),(772,1050,650.00,650.00,'2015-10-10',463,2,1,4,3,'2015-10-21',650.00,'0',0.00,0),(773,1051,1400.00,1400.00,'2015-10-10',451,2,1,4,3,'2015-10-21',1400.00,'0',0.00,0),(774,1052,2280.00,2280.00,'2015-10-10',450,7,1,4,3,'2015-10-21',2280.00,'0',0.00,0),(775,1053,1013.00,1013.00,'2015-11-15',71,2,1,4,3,'2015-11-20',1013.00,'470',0.00,0),(776,1054,750.00,400.00,'2015-11-15',72,2,1,4,1,'2015-12-01',750.00,'471',350.00,0),(777,930,500.00,500.00,'2015-10-14',534,3,1,4,3,'2015-10-21',500.00,'0',0.00,0),(778,1055,600.00,600.00,'2015-10-10',439,2,1,4,3,'2015-10-21',600.00,'0',0.00,0),(779,1056,650.00,650.00,'2015-10-14',526,2,1,4,3,'2015-10-21',650.00,'0',0.00,0),(780,1057,1400.00,1400.00,'2015-10-12',477,2,1,4,3,'2015-10-21',1400.00,'0',0.00,0),(781,1058,236.00,236.00,'2015-10-10',462,7,1,4,3,'2015-10-21',236.00,'0',0.00,0),(782,1059,895.00,895.00,'2015-10-03',312,7,1,4,3,'2015-10-21',895.00,'0',0.00,0),(783,653,400.00,400.00,'2015-11-15',73,3,1,4,3,'2015-11-24',400.00,'472',0.00,0),(784,1060,600.00,600.00,'2015-10-12',478,2,1,4,3,'2015-10-21',600.00,'0',0.00,0),(785,1061,800.00,800.00,'2015-10-10',457,2,1,4,3,'2015-10-21',800.00,'0',0.00,0),(786,1062,1350.00,1350.00,'2015-10-10',467,2,1,4,3,'2015-10-21',1350.00,'0',0.00,0),(787,1063,650.00,650.00,'2015-10-14',529,2,1,4,3,'2015-10-21',650.00,'0',0.00,0),(788,1064,600.00,600.00,'2015-10-12',479,2,1,4,3,'2015-10-21',600.00,'0',0.00,0),(789,1065,650.00,650.00,'2015-11-15',74,2,1,4,1,'2015-12-01',650.00,'473',0.00,0),(790,1066,700.00,700.00,'2015-11-15',75,2,1,4,1,'2015-12-01',700.00,'474',0.00,0),(791,1067,720.00,720.00,'2015-10-10',441,2,1,4,3,'2015-10-21',720.00,'0',0.00,0),(792,1068,750.00,750.00,'2015-10-10',444,2,1,4,3,'2015-10-21',750.00,'0',0.00,0),(793,1069,700.00,700.00,'2015-10-10',447,2,1,4,3,'2015-10-21',700.00,'0',0.00,0),(794,1070,608.00,608.00,'2015-10-09',419,7,1,4,3,'2015-10-21',608.00,'0',0.00,0),(795,449,1500.00,1500.00,'2015-10-08',383,1,1,4,3,'2015-10-21',1500.00,'0',0.00,0),(796,449,850.00,850.00,'2015-10-08',385,1,1,4,3,'2015-10-21',850.00,'0',0.00,0),(797,1071,2320.00,2320.00,'2015-10-12',481,2,1,4,3,'2015-10-22',2320.00,'0',0.00,0),(798,1072,750.00,750.00,'2015-10-10',448,2,1,4,3,'2015-10-22',750.00,'0',0.00,0),(799,1073,800.00,800.00,'2015-11-15',76,2,1,4,3,'2015-11-20',800.00,'475',0.00,0),(800,1074,1900.00,1900.00,'2015-10-09',430,3,1,4,3,'2015-10-22',1900.00,'0',0.00,0),(801,1075,1300.00,1300.00,'2015-10-12',496,2,1,4,3,'2015-10-22',1300.00,'0',0.00,0),(802,542,810.00,810.00,'2015-10-08',386,3,1,4,3,'2015-10-22',810.00,'0',0.00,0),(803,1076,600.00,600.00,'2015-10-10',442,2,1,4,3,'2015-10-22',600.00,'0',0.00,0),(804,1077,1200.00,1200.00,'2015-10-14',527,3,1,4,3,'2015-10-22',1200.00,'0',0.00,0),(805,844,900.00,900.00,'2015-10-20',631,2,1,4,3,'2015-10-22',900.00,'062',0.00,0),(806,529,600.00,600.00,'2015-10-09',422,2,1,4,3,'2015-10-22',600.00,'0',0.00,0),(807,1078,350.00,350.00,'2015-10-02',304,1,1,4,3,'2015-10-22',350.00,'0',0.00,0),(808,1079,2750.00,2750.00,'2015-10-07',395,2,1,4,3,'2015-10-22',2750.00,'0',0.00,0),(809,1080,650.00,650.00,'2015-10-15',550,2,1,4,3,'2015-10-22',650.00,'0',0.00,0),(810,1081,600.00,600.00,'2015-10-10',436,2,1,4,3,'2015-10-22',600.00,'0',0.00,0),(811,1082,750.00,750.00,'2015-10-15',542,2,1,4,3,'2015-10-22',750.00,'0',0.00,0),(812,1083,675.00,675.00,'2015-10-10',464,2,1,4,3,'2015-10-22',675.00,'0',0.00,0),(813,1084,2400.00,2400.00,'2015-10-19',612,4,1,4,3,'2015-10-22',2400.00,'456',0.00,0),(814,1085,1000.00,1000.00,'2015-10-13',500,2,1,4,3,'2015-10-22',1000.00,'0',0.00,0),(815,1086,650.00,650.00,'2015-10-10',445,2,1,4,3,'2015-10-22',650.00,'0',0.00,0),(816,1088,350.00,350.00,'2015-10-15',546,1,1,4,3,'2015-10-23',350.00,'0',0.00,0),(817,896,700.00,700.00,'2015-10-10',455,2,1,4,3,'2015-10-23',700.00,'0',0.00,0),(818,1089,650.00,650.00,'2015-10-14',535,2,1,4,3,'2015-10-23',650.00,'0',0.00,0),(819,1090,650.00,650.00,'2015-10-16',570,2,1,4,3,'2015-10-23',650.00,'005',0.00,0),(820,1091,975.00,975.00,'2015-10-20',636,2,1,4,3,'2015-10-23',975.00,'066',0.00,0),(821,1092,620.00,620.00,'2015-10-16',564,2,1,4,3,'2015-10-23',620.00,'0',0.00,0),(822,1093,1200.00,1200.00,'2015-10-10',443,2,1,4,3,'2015-10-23',1200.00,'0',0.00,0),(823,1094,750.00,750.00,'2015-10-12',495,2,1,4,3,'2015-10-23',750.00,'0',0.00,0),(824,1095,1450.00,1450.00,'2015-10-12',497,2,1,4,3,'2015-10-23',1450.00,'0',0.00,0),(825,1096,600.00,600.00,'2015-10-19',606,1,1,4,3,'2015-10-23',600.00,'038',0.00,0),(826,746,400.00,400.00,'2015-10-09',405,4,1,4,3,'2015-10-23',400.00,'440',0.00,0),(827,746,600.00,600.00,'2015-10-02',307,2,1,4,3,'2015-10-23',600.00,'0',0.00,0),(828,1097,750.00,750.00,'2015-10-10',453,2,1,4,3,'2015-10-23',750.00,'0',0.00,0),(829,1098,600.00,600.00,'2015-10-14',525,2,1,4,3,'2015-10-23',600.00,'0',0.00,0),(830,1099,700.00,700.00,'2015-10-15',543,2,1,4,3,'2015-10-23',700.00,'0',0.00,0),(831,1100,600.00,600.00,'2015-10-10',458,2,1,4,3,'2015-10-23',600.00,'0',0.00,0),(832,1101,650.00,650.00,'2015-10-08',35,2,3,4,3,'2015-10-23',455.00,'0',0.00,0),(833,1102,750.00,750.00,'2015-10-12',485,2,1,4,3,'2015-10-23',750.00,'0',0.00,0),(834,1103,620.00,620.00,'2015-10-15',547,2,1,4,3,'2015-10-23',620.00,'0',0.00,0),(835,1104,650.00,650.00,'2015-10-16',571,2,1,4,3,'2015-10-23',650.00,'006',0.00,0),(836,1105,650.00,650.00,'2015-10-12',483,2,1,4,3,'2015-10-23',650.00,'0',0.00,0),(837,1106,1300.00,1300.00,'2015-10-27',755,4,1,3,3,'2015-11-10',1300.00,'468',0.00,0),(838,1107,1400.00,1400.00,'2015-10-28',767,4,1,3,3,'2015-11-18',1400.00,'470',0.00,0),(839,1108,600.00,600.00,'2015-11-16',83,2,1,3,3,'2015-11-23',600.00,'481',0.00,0),(840,1109,600.00,600.00,'2015-11-16',82,2,1,3,1,'2015-12-01',600.00,'480',0.00,0),(841,1110,750.00,750.00,'2015-11-16',81,2,1,3,2,'2015-12-01',750.00,'479',0.00,0),(842,1111,700.00,700.00,'2015-11-16',80,2,1,3,3,'2015-11-23',700.00,'478',0.00,0),(843,1112,1300.00,1300.00,'2015-11-16',79,4,1,3,3,'2015-11-30',1300.00,'496',0.00,0),(844,1113,600.00,600.00,'2015-11-16',78,3,1,3,2,'2015-11-30',600.00,'477',0.00,0),(845,798,750.00,750.00,'2015-11-16',77,2,1,3,1,'2015-12-01',750.00,'476',0.00,0),(846,1114,1600.00,1600.00,'2015-10-12',494,2,1,3,3,'2015-10-23',1600.00,'0',0.00,0),(847,1115,700.00,700.00,'2015-10-09',427,2,1,3,3,'2015-10-16',700.00,'0',0.00,0),(848,1116,1200.00,1200.00,'2015-10-10',461,2,1,3,3,'2015-10-21',1200.00,'0',0.00,0),(849,1117,1123.00,1123.00,'2015-11-16',85,7,1,3,2,'2015-11-30',1123.00,'483',0.00,0),(850,1118,589.00,589.00,'2015-10-10',466,7,1,3,3,'2015-10-23',589.00,'0',0.00,0),(851,1118,1900.00,1900.00,'2015-10-10',465,3,1,3,3,'2015-10-23',1900.00,'0',0.00,0),(852,1119,600.00,600.00,'2015-10-10',435,2,1,3,3,'2015-10-20',600.00,'0',0.00,0),(853,1120,650.00,650.00,'2015-10-10',468,2,1,3,3,'2015-10-21',650.00,'0',0.00,0),(854,415,600.00,600.00,'2015-11-16',86,2,1,3,1,'2015-12-02',600.00,'484',0.00,0),(855,1121,750.00,750.00,'2015-10-12',487,2,1,3,3,'2015-10-22',750.00,'0',0.00,0),(856,1122,800.00,800.00,'2015-10-12',476,2,1,3,3,'2015-10-23',800.00,'0',0.00,0),(857,1123,1850.00,1850.00,'2015-10-13',499,2,1,3,3,'2015-10-24',1850.00,'0',0.00,0),(858,1124,1350.00,1350.00,'2015-10-14',520,2,1,3,3,'2015-10-23',1350.00,'0',0.00,0),(859,1125,350.00,350.00,'2015-10-16',567,1,1,3,3,'2015-10-23',350.00,'2',0.00,0),(860,1126,700.00,700.00,'2015-10-16',569,2,1,3,3,'2015-10-23',700.00,'4',0.00,0),(861,669,550.00,550.00,'2015-10-17',581,2,1,3,3,'2015-10-23',550.00,'15',0.00,0),(862,1127,650.00,650.00,'2015-10-17',579,2,1,3,3,'2015-10-24',650.00,'13',0.00,0),(863,1128,750.00,750.00,'2015-11-16',87,2,1,3,1,'2015-12-02',750.00,'485',0.00,0),(864,1129,350.00,350.00,'2015-10-19',602,1,1,3,3,'2015-10-23',350.00,'34',0.00,0),(865,731,250.00,250.00,'2015-10-19',605,1,1,3,3,'2015-10-24',250.00,'37',0.00,0),(866,1130,400.00,400.00,'2015-10-19',614,4,1,3,3,'2015-10-23',400.00,'45',0.00,0),(867,1131,650.00,650.00,'2015-10-19',611,2,1,3,3,'2015-10-24',650.00,'43',0.00,0),(868,1132,760.00,760.00,'2015-11-16',88,7,1,3,1,'2015-11-30',760.00,'486',0.00,0),(869,1133,975.00,975.00,'2015-10-22',650,2,1,3,3,'2015-10-26',975.00,'78',0.00,0),(870,1134,600.00,600.00,'2015-11-16',89,2,1,3,1,'2015-12-02',600.00,'487',0.00,0),(871,1135,1400.00,1400.00,'2015-10-10',434,4,1,3,3,'2015-10-22',1400.00,'442',0.00,0),(872,1136,125.00,125.00,'2015-11-16',91,1,1,3,3,'2015-11-18',125.00,'489',0.00,0),(873,1137,1275.00,1275.00,'2015-11-16',90,1,1,3,3,'2015-11-19',1275.00,'488',0.00,0),(874,1138,750.00,750.00,'2015-10-10',456,2,1,3,3,'2015-11-22',750.00,'0',0.00,0),(875,1140,1400.00,1400.00,'2015-10-13',515,2,1,3,3,'2015-10-27',1400.00,'0',0.00,0),(876,1141,600.00,600.00,'2015-10-14',524,4,1,3,3,'2015-10-27',600.00,'448',0.00,0),(877,1142,100.00,100.00,'2015-10-27',0,1,1,3,3,'2015-10-27',100.00,'178',0.00,0),(878,1143,600.00,600.00,'2015-10-13',507,1,1,3,3,'2015-10-17',600.00,'0',0.00,0),(879,1144,1600.00,1600.00,'2015-10-20',633,3,1,3,3,'2015-10-27',1600.00,'64',0.00,0),(880,1145,1450.00,1450.00,'2015-10-13',516,4,1,3,3,'2015-10-27',1450.00,'446',0.00,0),(881,1146,700.00,700.00,'2015-10-16',566,2,1,3,3,'2015-10-23',700.00,'1',0.00,0),(882,1147,700.00,700.00,'2015-10-20',628,2,1,3,3,'2015-10-26',700.00,'59',0.00,0),(883,494,180.00,180.00,'2015-10-21',637,3,1,3,3,'2015-10-28',180.00,'67',0.00,0),(884,1148,1300.00,1300.00,'2015-10-15',556,4,1,3,3,'2015-10-29',1300.00,'452',0.00,0),(885,1149,700.00,700.00,'2015-10-17',586,2,1,3,3,'2015-10-26',700.00,'20',0.00,0),(886,369,850.00,850.00,'2015-10-20',629,2,1,3,3,'2015-10-26',850.00,'60',0.00,0),(887,1150,600.00,600.00,'2015-10-20',622,2,1,3,3,'2015-10-26',600.00,'54',0.00,0),(888,1151,200.00,200.00,'2015-10-24',713,1,1,3,3,'2015-10-26',200.00,'140',0.00,0),(889,1152,200.00,200.00,'2015-10-20',627,2,1,3,3,'2015-10-24',200.00,'58',0.00,0),(890,971,600.00,600.00,'2015-10-16',568,2,1,3,3,'2015-10-23',600.00,'3',0.00,0),(891,1153,600.00,600.00,'2015-11-16',93,1,1,3,3,'2015-11-23',600.00,'491',0.00,0),(892,760,500.00,500.00,'2015-11-16',94,1,1,3,3,'2015-11-17',500.00,'492',0.00,0),(893,1154,1150.00,1150.00,'2015-11-16',32,4,2,3,1,'2015-11-30',862.50,'386',0.00,0),(894,1155,750.00,500.00,'2015-11-16',107,2,2,3,1,'2015-11-30',562.50,'724',250.00,0),(895,396,650.00,650.00,'2015-11-16',95,2,1,3,1,'2015-12-02',650.00,'493',0.00,0),(896,1156,900.00,900.00,'2015-11-16',96,2,1,3,3,'2015-11-23',900.00,'494',0.00,0),(897,1157,700.00,700.00,'2015-11-16',106,2,2,3,1,'2015-11-30',525.00,'723',0.00,0),(898,1158,700.00,700.00,'2015-11-16',105,2,2,3,1,'2015-11-30',525.00,'722',0.00,0),(899,1159,960.00,960.00,'2015-11-16',104,7,2,3,1,'2015-11-30',720.00,'721',0.00,0),(900,1160,1050.00,1050.00,'2015-11-16',102,2,2,3,1,'2015-11-20',787.50,'720',0.00,0),(901,1161,630.00,630.00,'2015-11-16',101,2,2,3,2,'2015-11-30',472.50,'718',0.00,0),(902,1162,700.00,700.00,'2015-11-16',100,2,2,3,2,'2015-11-30',525.00,'717',0.00,0),(903,1163,540.00,540.00,'2015-11-16',99,2,2,3,1,'2015-11-19',405.00,'716',0.00,0),(904,1164,700.00,700.00,'2015-11-16',98,2,2,3,1,'2015-11-30',525.00,'715',0.00,0),(905,1165,1200.00,1200.00,'2015-11-14',121,2,2,3,1,'2015-11-28',900.00,'714',0.00,0),(906,1166,700.00,700.00,'2015-11-14',97,2,2,3,1,'2015-11-27',525.00,'713',0.00,0),(907,1167,650.00,650.00,'2015-11-14',96,2,2,3,1,'2015-11-29',487.50,'712',0.00,0),(908,1168,280.00,280.00,'2015-11-13',95,3,2,3,1,'2015-11-28',210.00,'711',0.00,0),(909,1169,700.00,700.00,'2015-11-13',94,2,2,3,1,'2015-11-28',525.00,'710',0.00,0),(910,1170,700.00,700.00,'2015-11-12',93,2,2,3,1,'2015-11-28',525.00,'708',0.00,0),(911,1171,1520.00,1000.00,'2015-11-16',103,7,2,3,1,'2015-11-30',1140.00,'719',520.00,0),(912,1172,650.00,650.00,'2015-10-29',792,2,1,3,3,'2015-11-11',650.00,'213',0.00,0),(913,1173,1450.00,1450.00,'2015-10-10',92,4,2,3,3,'2015-10-19',1087.50,'383',0.00,0),(914,1174,1000.00,1000.00,'2015-10-20',11,4,2,3,3,'2015-10-27',750.00,'384',0.00,0),(915,1175,1050.00,1050.00,'2015-10-31',59,2,2,3,3,'2015-11-05',787.50,'',0.00,0),(916,1176,1200.00,1200.00,'2015-10-24',41,3,2,3,3,'2015-10-31',900.00,'',0.00,0),(917,1177,1370.00,1370.00,'2015-11-17',97,2,1,3,1,'2015-12-02',1370.00,'495',0.00,0),(918,1178,700.00,700.00,'2015-10-26',43,2,2,3,3,'2015-11-03',525.00,'',0.00,0),(919,1179,700.00,700.00,'2015-10-23',33,2,2,3,3,'2015-10-30',525.00,'',0.00,0),(920,1180,700.00,700.00,'2015-10-24',35,2,2,3,3,'2015-10-31',525.00,'',0.00,0),(921,1181,585.00,585.00,'2015-10-26',44,2,2,3,3,'2015-11-03',438.75,'',0.00,0),(922,1182,700.00,700.00,'2015-10-26',42,2,2,3,3,'2015-11-01',525.00,'',0.00,0),(923,1183,750.00,750.00,'2015-10-27',43,2,2,3,3,'2015-11-02',562.50,'',0.00,0),(924,1184,540.00,540.00,'2015-10-28',49,2,2,3,3,'2015-11-03',405.00,'',0.00,0),(925,1185,600.00,600.00,'2015-10-23',29,2,2,3,3,'2015-10-30',450.00,'',0.00,0),(926,1186,750.00,750.00,'2015-10-23',27,2,2,3,3,'2015-10-30',562.50,'',0.00,0),(927,1187,750.00,750.00,'2015-10-26',45,2,2,3,3,'2015-11-04',562.50,'',0.00,0),(928,1188,630.00,630.00,'2015-10-23',31,3,2,3,3,'2015-10-30',472.50,'',0.00,0),(929,1189,1140.00,1140.00,'2015-10-21',20,7,2,3,3,'2015-10-29',855.00,'',0.00,0),(930,1190,700.00,700.00,'2015-10-29',51,2,2,3,3,'2015-11-05',525.00,'',0.00,0),(931,1191,700.00,700.00,'2015-10-24',39,2,2,3,3,'2015-10-31',525.00,'',0.00,0),(932,1192,600.00,600.00,'2015-10-31',57,2,2,3,3,'2015-11-07',450.00,'',0.00,0),(933,1193,650.00,650.00,'2015-10-28',47,2,2,3,3,'2015-11-03',487.50,'',0.00,0),(934,1194,700.00,700.00,'2015-10-30',56,2,2,3,3,'2015-11-06',525.00,'',0.00,0),(935,1195,700.00,700.00,'2015-10-30',54,2,2,3,3,'2015-11-06',525.00,'',0.00,0),(936,1196,750.00,750.00,'2015-10-16',3,2,2,3,3,'2015-10-23',562.50,'',0.00,0),(937,1197,600.00,600.00,'2015-10-29',53,2,2,3,3,'2015-11-06',450.00,'',0.00,0),(938,1198,700.00,700.00,'2015-10-29',50,2,2,3,3,'2015-11-05',525.00,'',0.00,0),(939,1199,600.00,600.00,'2015-10-13',504,2,1,3,3,'2015-10-27',600.00,'0',0.00,0),(940,1200,1450.00,1450.00,'2015-10-12',98,2,2,3,3,'2015-10-19',1087.50,'',0.00,0),(941,1201,720.00,720.00,'2015-10-08',80,2,2,3,3,'2015-10-15',540.00,'',0.00,0),(942,1202,700.00,700.00,'2015-10-21',17,2,2,3,3,'2015-10-28',525.00,'',0.00,0),(943,1203,700.00,700.00,'2015-10-21',21,2,2,3,3,'2015-10-29',525.00,'',0.00,0),(944,1204,700.00,700.00,'2015-10-10',88,2,2,3,3,'2015-10-18',525.00,'',0.00,0),(945,1205,1250.00,1250.00,'2015-10-10',89,2,2,3,3,'2015-10-18',937.50,'',0.00,0),(946,1206,700.00,700.00,'2015-10-17',7,2,2,3,3,'2015-10-24',525.00,'',0.00,0),(947,1207,700.00,700.00,'2015-10-17',5,2,2,3,3,'2015-10-24',525.00,'',0.00,0),(948,1208,750.00,750.00,'2015-10-20',14,2,2,3,3,'2015-10-27',562.50,'',0.00,0),(949,1209,700.00,700.00,'2015-10-20',15,2,2,3,3,'2015-10-28',525.00,'',0.00,0),(950,1210,1300.00,1300.00,'2015-10-20',13,2,2,3,3,'2015-10-27',975.00,'',0.00,0),(951,1211,1200.00,1200.00,'2015-11-17',100,2,1,3,1,'2015-12-02',1200.00,'498',0.00,0),(952,1212,600.00,600.00,'2015-11-17',99,2,1,3,1,'2015-12-02',600.00,'497',0.00,0),(953,1213,750.00,200.00,'2015-11-17',98,2,1,3,1,'2015-12-02',750.00,'496',550.00,0),(954,1214,600.00,600.00,'2015-10-20',8,2,2,3,3,'2015-10-27',450.00,'',0.00,0),(955,1215,700.00,700.00,'2015-10-20',10,2,2,3,3,'2015-10-27',525.00,'',0.00,0),(956,1216,650.00,650.00,'2015-11-17',101,2,1,3,3,'2015-11-24',650.00,'499',0.00,0),(957,1217,700.00,700.00,'2015-11-17',102,2,1,3,1,'2015-12-02',700.00,'500',0.00,0),(958,1218,700.00,700.00,'2015-10-24',36,2,2,3,3,'2015-10-31',525.00,'',0.00,0),(959,1219,600.00,600.00,'2015-10-22',25,2,2,3,3,'2015-10-29',450.00,'',0.00,0),(960,1220,600.00,600.00,'2015-10-21',19,2,2,3,3,'2015-10-29',450.00,'',0.00,0),(961,1221,700.00,700.00,'2015-10-22',24,2,2,3,3,'2015-10-29',525.00,'',0.00,0),(962,1222,1450.00,1450.00,'2015-10-20',12,2,2,3,3,'2015-10-27',1087.50,'',0.00,0),(963,1223,700.00,700.00,'2015-10-16',2,2,2,3,3,'2015-10-23',525.00,'',0.00,0),(964,1224,600.00,600.00,'2015-10-23',34,2,2,3,3,'2015-10-30',450.00,'',0.00,0),(965,1225,2000.00,2000.00,'2015-10-17',6,2,2,3,3,'2015-10-24',1500.00,'',0.00,0),(966,1226,600.00,600.00,'2015-11-17',103,2,1,3,3,'2015-11-24',600.00,'501',0.00,0),(967,1227,1200.00,1200.00,'2015-11-17',105,3,1,3,1,'2015-12-01',1200.00,'503',0.00,0),(968,1228,1075.00,1075.00,'2015-11-17',104,3,1,3,2,'2015-12-01',1075.00,'502',0.00,0),(969,1229,700.00,700.00,'2015-10-23',30,2,2,3,3,'2015-10-30',525.00,'',0.00,0),(970,1230,650.00,650.00,'2015-10-22',23,2,2,3,3,'2015-10-29',487.50,'',0.00,0),(971,1231,700.00,700.00,'2015-10-21',18,2,2,3,3,'2015-10-28',525.00,'',0.00,0),(972,1232,2490.00,2490.00,'2015-10-17',114,7,2,3,3,'2015-10-24',1867.50,'',0.00,0),(973,1233,750.00,750.00,'2015-10-06',76,2,2,3,3,'2015-10-14',562.50,'',0.00,0),(974,1234,700.00,700.00,'2015-10-16',4,2,2,3,3,'2015-10-23',525.00,'',0.00,0),(975,1235,665.00,665.00,'2015-10-13',104,7,2,3,3,'2015-10-20',498.75,'',0.00,0),(976,1236,700.00,700.00,'2015-10-21',16,2,2,3,3,'2015-10-28',525.00,'',0.00,0),(977,577,700.00,700.00,'2015-10-14',108,2,2,3,3,'2015-10-21',525.00,'',0.00,0),(978,1237,700.00,700.00,'2015-10-21',32,2,2,3,3,'2015-10-29',525.00,'',0.00,0),(979,1238,700.00,700.00,'2015-09-25',40,2,2,3,3,'2015-10-05',525.00,'',0.00,0),(980,1239,3040.00,3040.00,'2015-09-24',37,7,2,3,3,'2015-10-01',2280.00,'',0.00,0),(981,1240,750.00,750.00,'2015-09-22',34,2,2,3,3,'2015-09-29',562.50,'',0.00,0),(982,1241,225.00,225.00,'2015-09-17',27,1,2,3,3,'2015-09-23',168.75,'',0.00,0),(983,1242,800.00,800.00,'2015-10-08',78,2,2,3,3,'2015-10-15',600.00,'',0.00,0),(984,1243,700.00,700.00,'2015-10-08',79,2,2,3,3,'2015-10-15',525.00,'',0.00,0),(985,1244,750.00,750.00,'2015-10-07',75,2,2,3,3,'2015-10-14',562.50,'',0.00,0),(986,1245,650.00,650.00,'2015-11-17',106,2,1,3,3,'2015-11-24',650.00,'504',0.00,0),(987,1246,650.00,0.00,'2015-11-17',107,2,1,3,1,'2015-12-02',650.00,'505',650.00,0),(988,506,650.00,650.00,'2015-11-17',108,2,1,3,3,'2015-11-24',650.00,'506',0.00,0),(989,1247,600.00,600.00,'2015-11-17',109,2,1,3,1,'2015-12-03',600.00,'507',0.00,0),(990,731,175.00,175.00,'2015-11-17',110,1,1,3,3,'2015-11-18',175.00,'508',0.00,0),(991,1248,900.00,900.00,'2015-11-17',111,2,1,3,3,'2015-11-20',900.00,'509',0.00,0),(992,1249,600.00,600.00,'2015-11-17',112,2,1,3,1,'2015-12-03',600.00,'510',0.00,0),(993,1250,855.00,855.00,'2015-11-17',113,7,1,3,2,'2015-12-01',855.00,'511',0.00,0),(994,753,1250.00,1250.00,'2015-11-17',115,4,1,3,1,'2015-11-30',1250.00,'498',0.00,0),(995,1251,1250.00,500.00,'2015-11-17',114,4,1,3,3,'2015-11-30',1250.00,'497',750.00,0),(996,1252,600.00,600.00,'2015-11-17',116,2,1,3,1,'2015-12-03',600.00,'512',0.00,0),(997,1253,680.00,680.00,'2015-11-17',117,7,1,3,2,'2015-11-30',680.00,'513',0.00,0),(998,1254,550.00,550.00,'2015-11-18',118,2,1,4,1,'2015-11-26',550.00,'514',0.00,0),(999,1255,1000.00,0.00,'2015-11-18',119,2,1,4,2,'2015-12-03',1000.00,'515',1000.00,0),(1000,1256,700.00,700.00,'2015-11-18',120,3,1,4,3,'2015-11-25',700.00,'516',0.00,0),(1001,1257,650.00,650.00,'2015-11-18',121,2,1,4,1,'2015-12-03',650.00,'517',0.00,0),(1002,1258,180.00,180.00,'2015-11-18',122,3,1,4,3,'2015-11-25',180.00,'518',0.00,0),(1003,1259,700.00,700.00,'2015-11-18',123,2,1,4,1,'2015-12-03',700.00,'519',0.00,0),(1004,1260,950.00,950.00,'2015-11-18',124,2,1,4,3,'2015-12-03',950.00,'521',0.00,0),(1005,1261,200.00,200.00,'2015-11-18',125,3,1,4,3,'2015-11-25',200.00,'520',0.00,0),(1006,1262,600.00,600.00,'2015-11-18',126,3,1,4,3,'2015-11-28',600.00,'522',0.00,0),(1007,1263,650.00,650.00,'2015-11-18',127,2,1,4,3,'2015-11-25',650.00,'523',0.00,0),(1008,1264,750.00,750.00,'2015-11-18',128,2,1,4,1,'2015-12-03',750.00,'524',0.00,0),(1009,1265,750.00,750.00,'2015-11-18',129,2,1,4,1,'2015-12-03',750.00,'525',0.00,0),(1010,1266,700.00,700.00,'2015-11-18',130,2,1,4,1,'2015-12-03',700.00,'526',0.00,0),(1011,1267,1300.00,1300.00,'2015-11-18',131,4,1,4,1,'2015-12-01',1300.00,'499',0.00,0),(1012,1268,700.00,700.00,'2015-11-18',132,2,1,4,3,'2015-11-25',700.00,'527',0.00,0),(1013,1269,600.00,600.00,'2015-11-18',133,2,1,4,1,'2015-12-03',600.00,'528',0.00,0),(1014,1270,650.00,650.00,'2015-11-18',134,2,1,4,1,'2015-11-28',650.00,'529',0.00,0),(1015,826,790.00,790.00,'2015-11-18',135,3,1,4,1,'2015-11-28',790.00,'530',0.00,0),(1016,901,1000.00,1000.00,'2015-11-18',136,4,1,4,1,'2015-12-01',1000.00,'500',0.00,0),(1017,1271,650.00,650.00,'2015-11-18',137,2,1,4,3,'2015-11-25',650.00,'531',0.00,0),(1018,1272,700.00,700.00,'2015-11-18',138,2,1,4,3,'2015-11-25',700.00,'532',0.00,0),(1019,1273,650.00,650.00,'2015-11-18',139,2,1,4,1,'2015-12-03',650.00,'533',0.00,0),(1020,1274,6390.00,6390.00,'2015-11-18',140,3,1,4,3,'2015-11-25',6390.00,'534',0.00,0),(1021,1275,1300.00,1300.00,'2015-10-25',717,4,1,4,3,'2015-11-10',1300.00,'464',0.00,0),(1022,1276,125.00,125.00,'2015-11-16',91,3,1,4,3,'2015-11-18',125.00,'489',0.00,0),(1023,1277,2720.00,2720.00,'2015-11-05',0,3,1,4,3,'2015-11-18',2720.00,'314',0.00,0),(1024,1278,1600.00,1600.00,'2015-10-01',0,3,1,4,3,'2015-10-08',1600.00,'0',0.00,0),(1025,1279,1045.00,1045.00,'2015-11-19',141,7,1,4,2,'2015-12-01',1045.00,'535',0.00,0),(1026,1280,400.00,400.00,'2015-11-19',142,4,1,4,1,'2015-12-01',400.00,'001',0.00,0),(1027,1280,1400.00,1400.00,'2015-11-19',143,4,1,4,1,'2015-12-01',1400.00,'002',0.00,0),(1028,1281,600.00,600.00,'2015-11-19',144,2,1,4,1,'2015-12-04',600.00,'536',0.00,0),(1029,876,650.00,650.00,'2015-11-19',145,2,1,4,3,'2015-11-26',650.00,'537',0.00,0),(1030,1282,1575.00,1575.00,'2015-11-19',146,4,1,4,1,'2015-12-02',1575.00,'003',0.00,0),(1031,536,540.00,540.00,'2015-11-19',147,2,1,4,1,'2015-12-04',540.00,'538',0.00,0),(1032,1283,690.00,690.00,'2015-11-19',148,5,1,4,3,'2015-11-23',690.00,'539',0.00,0),(1033,1284,600.00,600.00,'2015-11-19',149,3,1,4,3,'2015-11-29',600.00,'540',0.00,0),(1034,1285,270.00,270.00,'2015-11-19',150,1,1,4,3,'2015-11-29',270.00,'541',0.00,0),(1035,1286,1400.00,1400.00,'2015-11-19',151,4,1,4,1,'2015-12-02',1400.00,'004',0.00,0),(1036,1287,650.00,650.00,'2015-11-19',152,2,1,4,1,'2015-12-04',650.00,'542',0.00,0),(1037,1288,750.00,750.00,'2015-11-19',153,2,1,4,1,'2015-12-04',750.00,'543',0.00,0),(1038,1289,350.00,350.00,'2015-11-12',49,1,3,4,1,'2015-11-26',245.00,'',0.00,0),(1039,1290,800.00,800.00,'2015-11-13',50,2,3,4,1,'2015-11-27',560.00,'',0.00,0),(1040,1291,750.00,750.00,'2015-11-14',51,2,3,4,1,'2015-11-28',525.00,'901',0.00,0),(1041,1292,600.00,600.00,'2015-11-16',52,3,3,4,1,'2015-11-30',420.00,'902',0.00,0),(1042,1293,650.00,650.00,'2015-11-18',53,2,3,4,1,'2015-12-03',455.00,'903',0.00,0),(1043,1294,1250.00,1250.00,'2015-11-19',54,4,3,4,1,'2015-12-02',875.00,'352',0.00,0),(1044,1295,650.00,650.00,'2015-11-16',113,2,2,4,1,'2015-11-30',487.50,'725',0.00,0),(1045,1296,1852.00,1852.00,'2015-11-17',111,7,2,4,1,'2015-12-01',1389.00,'726',0.00,0),(1046,1297,650.00,650.00,'2015-11-17',108,2,2,4,1,'2015-12-01',487.50,'727',0.00,0),(1047,1298,600.00,600.00,'2015-11-17',112,2,2,4,1,'2015-12-01',450.00,'728',0.00,0),(1048,1299,700.00,700.00,'2015-11-18',112,2,2,4,1,'2015-12-01',525.00,'729',0.00,0),(1049,1300,1400.00,1400.00,'2015-11-18',109,2,2,4,1,'2015-12-01',1050.00,'730',0.00,0),(1050,1158,700.00,700.00,'2015-11-18',110,2,2,3,1,'2015-12-01',525.00,'731',0.00,0),(1051,1301,1400.00,1400.00,'2015-11-18',122,2,2,3,1,'2015-12-01',1050.00,'732',0.00,0),(1052,1302,1000.00,1000.00,'2015-11-18',123,3,2,3,1,'2015-12-01',750.00,'733',0.00,0),(1053,1303,600.00,600.00,'2015-11-18',123,3,2,3,1,'2015-12-01',450.00,'734',0.00,0),(1054,1304,750.00,500.00,'2015-11-18',124,2,2,3,1,'2015-12-01',562.50,'735',250.00,0),(1055,1305,1250.00,1250.00,'2015-11-19',125,2,2,3,1,'2015-12-02',937.50,'736',0.00,0),(1056,1306,630.00,630.00,'2015-11-19',126,2,2,3,1,'2015-12-02',472.50,'737',0.00,0),(1057,1307,570.00,570.00,'2015-11-19',127,7,2,3,1,'2015-12-02',427.50,'738',0.00,0),(1058,1308,675.00,675.00,'2015-10-23',28,2,2,3,3,'2015-10-30',506.25,'',0.00,0),(1059,1309,270.00,270.00,'2015-10-01',51,1,2,3,3,'2015-10-08',202.50,'',0.00,0),(1060,1310,650.00,650.00,'2015-10-02',56,3,2,3,3,'2015-10-09',487.50,'',0.00,0),(1061,1311,500.00,500.00,'2015-10-07',74,2,2,3,3,'2015-10-14',375.00,'',0.00,0),(1062,1312,650.00,650.00,'2015-10-07',73,2,2,3,3,'2015-10-14',487.50,'',0.00,0),(1063,1313,700.00,700.00,'2015-11-20',154,2,1,3,3,'2015-11-27',700.00,'544',0.00,0),(1064,1314,600.00,600.00,'2015-10-06',70,2,2,3,3,'2015-10-14',450.00,'',0.00,0),(1065,1315,650.00,650.00,'2015-10-06',67,2,2,3,3,'2015-10-13',487.50,'',0.00,0),(1066,1316,900.00,900.00,'2015-10-06',66,2,2,3,3,'2015-10-13',675.00,'',0.00,0),(1067,1317,700.00,700.00,'2015-10-06',68,2,2,3,3,'2015-10-13',525.00,'',0.00,0),(1068,1318,1500.00,1500.00,'2015-10-03',60,2,2,3,3,'2015-10-10',1125.00,'',0.00,0),(1069,1319,650.00,650.00,'2015-09-30',47,2,2,3,3,'2015-10-07',487.50,'',0.00,0),(1070,1320,700.00,700.00,'2015-09-25',39,2,2,3,3,'2015-10-05',525.00,'',0.00,0),(1071,1321,700.00,700.00,'2015-10-02',58,2,2,3,3,'2015-10-10',525.00,'',0.00,0),(1072,1322,600.00,600.00,'2015-09-30',45,2,2,3,3,'2015-10-06',450.00,'',0.00,0),(1073,1323,700.00,700.00,'2015-09-30',46,2,2,3,3,'2015-10-07',525.00,'',0.00,0),(1074,1324,270.00,270.00,'2015-09-30',48,1,2,3,3,'2015-10-07',202.50,'',0.00,0),(1075,1325,620.00,620.00,'2015-11-20',155,2,1,3,3,'2015-11-27',620.00,'545',0.00,0),(1076,1326,630.00,630.00,'2015-10-01',53,2,2,3,3,'2015-10-08',472.50,'',0.00,0),(1077,1327,630.00,630.00,'2015-10-01',53,2,2,3,3,'2015-10-08',472.50,'',0.00,0),(1078,1328,650.00,650.00,'2015-10-02',57,2,2,3,3,'2015-10-10',487.50,'',0.00,0),(1079,1329,870.00,870.00,'2015-10-01',50,7,2,3,3,'2015-10-08',652.50,'',0.00,0),(1080,1330,380.00,380.00,'2015-10-02',55,1,2,3,3,'2015-10-09',285.00,'',0.00,0),(1081,1331,700.00,700.00,'2015-10-07',72,2,2,3,3,'2015-10-14',525.00,'',0.00,0),(1082,1332,650.00,650.00,'2015-10-12',95,2,2,3,3,'2015-10-19',487.50,'',0.00,0),(1083,1333,380.00,380.00,'2015-10-07',71,1,2,3,3,'2015-10-14',285.00,'',0.00,0),(1084,1334,600.00,600.00,'2015-10-03',59,2,2,3,3,'2015-10-10',450.00,'',0.00,0),(1085,1335,750.00,750.00,'2015-10-03',62,2,2,3,3,'2015-10-10',562.50,'',0.00,0),(1086,1239,1824.00,1824.00,'2015-09-28',41,7,2,3,3,'2015-10-05',1368.00,'',0.00,0),(1087,1336,600.00,600.00,'2015-09-29',42,2,2,3,3,'2015-10-06',450.00,'',0.00,0),(1088,1337,700.00,700.00,'2015-10-02',54,2,2,3,3,'2015-10-09',525.00,'',0.00,0),(1089,1338,700.00,700.00,'2015-09-30',49,2,2,3,3,'2015-10-07',525.00,'',0.00,0),(1090,1339,1755.00,1755.00,'2015-11-20',157,2,1,3,1,'2015-12-04',1755.00,'547',0.00,0),(1091,1340,620.00,620.00,'2015-11-20',156,2,1,3,1,'2015-11-27',620.00,'546',0.00,0),(1092,1341,700.00,700.00,'2015-10-03',61,2,2,3,3,'2015-10-10',525.00,'',0.00,0),(1093,1342,600.00,600.00,'2015-10-01',52,3,2,3,3,'2015-10-08',450.00,'',0.00,0),(1094,1343,700.00,700.00,'2015-10-05',65,2,2,3,3,'2015-10-12',525.00,'',0.00,0),(1095,1344,700.00,700.00,'2015-09-30',43,3,2,3,3,'2015-10-07',525.00,'',0.00,0),(1096,1345,600.00,600.00,'2015-09-18',29,2,2,3,3,'2015-09-26',450.00,'',0.00,0),(1097,1346,700.00,700.00,'2015-10-05',63,2,2,3,3,'2015-10-12',525.00,'',0.00,0),(1098,1347,600.00,600.00,'2015-11-20',158,3,1,3,1,'2015-12-04',600.00,'548',0.00,0),(1099,1348,600.00,600.00,'2015-11-20',159,2,1,3,1,'2015-12-04',600.00,'549',0.00,0),(1100,1349,750.00,750.00,'2015-10-06',69,2,2,3,3,'2015-10-14',562.50,'',0.00,0),(1101,1350,650.00,650.00,'2015-10-06',77,2,2,3,3,'2015-10-14',487.50,'',0.00,0),(1102,1351,380.00,380.00,'2015-10-12',100,1,2,3,3,'2015-10-20',285.00,'',0.00,0),(1103,1352,700.00,700.00,'2015-10-09',85,2,2,3,3,'2015-10-16',525.00,'',0.00,0),(1104,1353,700.00,700.00,'2015-10-13',102,2,2,3,3,'2015-10-20',525.00,'',0.00,0),(1105,1354,700.00,700.00,'2015-10-09',82,2,2,3,3,'2015-10-16',525.00,'',0.00,0),(1106,1355,700.00,700.00,'2015-10-07',71,2,2,3,3,'2015-10-15',525.00,'',0.00,0),(1107,1356,750.00,750.00,'2015-10-05',342,2,1,3,3,'2015-10-13',750.00,'0',0.00,0),(1108,1357,1450.00,1450.00,'2015-11-20',160,4,1,3,2,'2015-12-02',1450.00,'5',0.00,0),(1109,1358,650.00,650.00,'2015-11-20',163,2,1,3,3,'2015-11-27',650.00,'552',0.00,0),(1110,1359,680.00,680.00,'2015-11-20',162,2,1,3,1,'2015-12-01',680.00,'551',0.00,0),(1111,1286,570.00,570.00,'2015-11-20',161,1,1,3,1,'2015-11-27',570.00,'550',0.00,0),(1112,1139,900.00,900.00,'2015-11-16',92,2,1,3,3,'2015-11-23',900.00,'490',0.00,0),(1113,1360,2700.00,2700.00,'2015-10-20',620,3,1,3,3,'2015-10-23',2700.00,'51',0.00,0),(1114,568,4370.00,4370.00,'2015-10-13',0,3,1,3,3,'2015-10-19',4370.00,'0',0.00,0),(1115,568,5710.00,5710.00,'2015-10-29',0,3,1,3,3,'2015-11-06',5710.00,'217',0.00,0),(1116,1361,840.00,840.00,'2015-11-20',164,7,1,3,1,'2015-12-03',840.00,'553',0.00,0),(1117,1362,700.00,700.00,'2015-10-09',87,2,2,3,3,'2015-10-16',525.00,'',0.00,0),(1118,1363,750.00,750.00,'2015-10-13',103,2,2,3,3,'2015-10-20',562.50,'',0.00,0),(1119,1364,850.00,850.00,'2015-11-20',167,1,1,3,3,'2015-11-26',850.00,'556',0.00,0),(1120,1364,375.00,375.00,'2015-11-20',166,1,1,3,3,'2015-11-25',375.00,'555',0.00,0),(1121,1364,625.00,625.00,'2015-11-20',165,1,1,3,3,'2015-11-25',625.00,'554',0.00,0),(1122,1365,600.00,600.00,'2015-10-03',324,1,1,3,3,'2015-10-09',600.00,'0',0.00,0),(1123,858,650.00,650.00,'2015-10-05',335,2,1,3,3,'2015-10-12',650.00,'0',0.00,0),(1124,1368,1300.00,1300.00,'2015-10-06',354,2,1,3,3,'2015-10-20',1300.00,'0',0.00,0),(1125,1366,1500.00,1500.00,'2015-10-14',537,4,1,3,3,'2015-10-28',1500.00,'449',0.00,0),(1126,1369,600.00,600.00,'2015-10-14',109,2,2,3,3,'2015-10-21',450.00,'',0.00,0),(1127,1370,700.00,700.00,'2015-10-09',83,2,2,3,3,'2015-10-16',525.00,'',0.00,0),(1128,1371,650.00,650.00,'2015-10-15',112,2,2,3,3,'2015-10-23',487.50,'',0.00,0),(1129,1372,1250.00,1250.00,'2015-11-20',169,4,1,3,1,'2015-12-02',1250.00,'7',0.00,0),(1130,1373,1250.00,1250.00,'2015-11-20',168,4,1,3,2,'2015-12-02',1250.00,'6',0.00,0),(1131,1374,750.00,750.00,'2015-10-10',90,2,2,3,3,'2015-10-18',562.50,'',0.00,0),(1132,1375,1400.00,1400.00,'2015-10-13',105,2,2,3,3,'2015-10-20',1050.00,'',0.00,0),(1133,892,340.00,340.00,'2015-10-09',84,1,2,3,3,'2015-10-16',255.00,'',0.00,0),(1134,1376,1950.00,1950.00,'2015-10-09',86,2,2,3,3,'2015-10-17',1462.50,'',0.00,0),(1135,1377,630.00,630.00,'2015-10-14',111,2,2,3,3,'2015-10-22',472.50,'',0.00,0),(1136,1378,700.00,700.00,'2015-10-16',1,2,2,3,3,'2015-10-23',525.00,'',0.00,0),(1137,1379,700.00,700.00,'2015-10-12',97,2,2,3,3,'2015-10-19',525.00,'',0.00,0),(1138,891,567.00,567.00,'2015-10-13',106,2,2,3,3,'2015-10-21',425.25,'',0.00,0),(1139,1380,500.00,500.00,'2015-10-15',113,2,2,3,3,'2015-10-26',375.00,'',0.00,0),(1140,1381,620.00,620.00,'2015-10-10',93,1,2,3,3,'2015-10-19',465.00,'',0.00,0),(1141,1382,700.00,700.00,'2015-10-12',99,2,2,3,3,'2015-10-19',525.00,'',0.00,0),(1142,1383,650.00,650.00,'2015-10-14',110,2,2,3,3,'2015-10-22',487.50,'',0.00,0),(1143,1159,700.00,700.00,'2015-10-10',91,2,2,3,3,'2015-10-19',525.00,'',0.00,0),(1144,1384,650.00,650.00,'2015-11-21',170,2,1,3,1,'2015-12-04',650.00,'557',0.00,0),(1145,1385,650.00,500.00,'2015-11-21',171,2,1,3,1,'2015-12-07',650.00,'558',150.00,0),(1146,1386,748.00,748.00,'2015-11-21',172,7,1,3,1,'2015-12-03',748.00,'559',0.00,0),(1147,1387,1500.00,1500.00,'2015-09-30',275,4,1,3,3,'2015-10-13',1500.00,'428',0.00,0),(1148,1388,600.00,600.00,'2015-11-15',188,3,4,3,1,'2015-11-26',420.00,'802',0.00,0),(1149,1389,350.00,350.00,'2015-11-15',189,1,4,3,1,'2015-11-25',245.00,'803',0.00,0),(1150,1389,550.00,550.00,'2015-11-15',190,2,4,3,1,'2015-11-25',385.00,'804',0.00,0),(1151,1390,700.00,700.00,'2015-11-15',191,2,4,3,1,'2015-11-25',490.00,'805',0.00,0),(1152,1391,350.00,0.00,'2015-11-21',192,1,4,3,1,'2015-11-28',245.00,'806',350.00,0),(1153,1392,700.00,0.00,'2015-11-21',193,2,4,3,1,'2015-11-28',490.00,'807',700.00,0),(1154,1393,750.00,750.00,'2015-11-21',195,2,4,3,1,'2015-11-28',525.00,'808',0.00,0),(1155,1394,460.00,460.00,'2015-09-30',277,5,1,3,3,'2015-10-13',460.00,'0',0.00,0),(1156,1387,1300.00,1300.00,'2015-09-30',275,4,1,3,3,'2015-10-13',1300.00,'427',0.00,0),(1157,1395,1250.00,1250.00,'2015-10-21',173,4,4,3,3,'2015-11-07',875.00,'39',0.00,0),(1158,1396,1300.00,1300.00,'2015-10-09',163,4,4,3,3,'2015-10-23',910.00,'35',0.00,0),(1159,1397,1100.00,1100.00,'2015-10-10',164,4,4,3,3,'2015-10-18',770.00,'38',0.00,0),(1160,1398,850.00,850.00,'2015-10-31',180,2,4,3,3,'2015-11-07',595.00,'',0.00,0),(1161,1399,750.00,750.00,'2015-10-31',181,2,4,3,3,'2015-11-07',525.00,'',0.00,0),(1162,1400,750.00,750.00,'2015-10-22',175,2,4,3,3,'2015-11-04',525.00,'',0.00,0),(1163,1401,750.00,750.00,'2015-09-27',154,2,4,3,3,'2015-10-04',525.00,'',0.00,0),(1164,1402,650.00,650.00,'2015-09-26',152,2,4,3,3,'2015-10-04',455.00,'',0.00,0),(1165,1403,1400.00,1400.00,'2015-09-27',153,2,4,3,3,'2015-10-04',980.00,'',0.00,0),(1166,1404,650.00,650.00,'2015-10-03',156,2,4,3,3,'2015-10-11',455.00,'',0.00,0),(1167,1405,700.00,700.00,'2015-10-03',155,2,4,3,3,'2015-10-11',490.00,'',0.00,0),(1168,1406,600.00,600.00,'2015-10-06',161,2,4,3,3,'2015-10-14',420.00,'',0.00,0),(1169,1407,800.00,800.00,'2015-10-03',159,2,4,3,3,'2015-10-11',560.00,'',0.00,0),(1170,1408,600.00,600.00,'2015-10-06',160,1,4,3,3,'2015-10-14',420.00,'',0.00,0),(1171,1409,750.00,750.00,'2015-10-03',158,2,4,3,3,'2015-10-11',525.00,'',0.00,0),(1172,1410,600.00,600.00,'2015-10-03',157,2,4,3,3,'2015-10-11',420.00,'',0.00,0),(1173,1411,1700.00,1700.00,'2015-10-09',162,2,4,3,3,'2015-10-16',1190.00,'',0.00,0),(1174,1412,1250.00,1250.00,'2015-10-10',165,2,4,3,3,'2015-10-18',875.00,'',0.00,0),(1175,1413,250.00,250.00,'2015-10-20',172,1,4,3,3,'2015-10-30',175.00,'',0.00,0),(1176,1414,700.00,700.00,'2015-10-18',171,2,4,3,3,'2015-10-31',490.00,'',0.00,0),(1177,1415,650.00,650.00,'2015-10-21',173,2,4,3,3,'2015-11-07',455.00,'',0.00,0),(1178,1416,650.00,650.00,'2015-10-22',174,2,4,3,3,'2015-11-04',455.00,'',0.00,0),(1179,1406,375.00,375.00,'2015-10-31',177,2,4,3,3,'2015-11-07',262.50,'',0.00,0),(1180,956,1100.00,1100.00,'2015-10-31',178,2,4,3,3,'2015-11-07',770.00,'',0.00,0),(1181,1417,750.00,750.00,'2015-10-28',176,2,4,3,3,'2015-11-07',525.00,'',0.00,0),(1182,1418,800.00,800.00,'2015-10-15',168,2,4,3,3,'2015-10-24',560.00,'',0.00,0),(1183,1396,1300.00,1300.00,'2015-10-09',163,2,4,3,3,'2015-10-16',910.00,'',0.00,0),(1184,1419,600.00,600.00,'2015-10-15',169,2,4,3,3,'2015-10-31',420.00,'',0.00,0),(1185,1420,700.00,700.00,'2015-10-15',170,2,4,3,3,'2015-10-31',490.00,'',0.00,0),(1186,1421,600.00,600.00,'2015-10-11',167,2,4,3,3,'2015-10-24',420.00,'',0.00,0),(1187,1422,1800.00,1800.00,'2015-11-21',173,2,1,3,3,'2015-11-24',1800.00,'560',0.00,0),(1188,1423,750.00,750.00,'2015-11-21',174,2,1,3,1,'2015-12-07',750.00,'561',0.00,0),(1189,1424,1125.00,1125.00,'2015-11-21',175,2,1,3,3,'2015-11-26',1125.00,'562',0.00,0),(1190,1425,350.00,350.00,'2015-11-22',176,3,1,4,1,'2015-11-30',350.00,'563',0.00,0),(1191,1426,700.00,700.00,'2015-11-22',177,2,1,4,1,'2015-11-30',700.00,'564',0.00,0),(1192,1427,750.00,750.00,'2015-11-22',178,2,1,4,1,'2015-12-07',750.00,'565',0.00,0),(1193,1428,547.00,547.00,'2015-11-22',179,7,1,4,2,'2015-12-04',547.00,'566',0.00,0),(1194,1429,250.00,250.00,'2015-11-22',180,1,1,4,3,'2015-11-27',250.00,'567',0.00,0),(1195,895,650.00,650.00,'2015-11-22',181,2,1,4,1,'2015-11-30',650.00,'568',0.00,0),(1196,1430,250.00,250.00,'2015-11-23',182,1,1,4,1,'2015-11-27',250.00,'569',0.00,0),(1197,1431,1200.00,1200.00,'2015-11-16',84,2,1,4,1,'2015-12-01',1200.00,'482',0.00,0),(1198,1432,800.00,800.00,'2015-11-23',183,2,1,4,1,'2015-12-07',800.00,'570',0.00,0),(1199,1433,700.00,700.00,'2015-11-23',184,2,1,4,1,'2015-12-07',700.00,'571',0.00,0),(1200,573,900.00,900.00,'2015-11-23',185,3,1,4,3,'2015-11-27',900.00,'572',0.00,0),(1201,1434,238.00,238.00,'2015-11-23',186,1,1,4,1,'2015-11-30',238.00,'573',0.00,0),(1202,765,1395.00,1395.00,'2015-11-23',188,4,1,4,1,'2015-12-03',1395.00,'008',0.00,0),(1203,765,1628.00,1628.00,'2015-11-23',189,4,1,4,1,'2015-12-03',1628.00,'009',0.00,0),(1204,765,1395.00,1395.00,'2015-11-23',190,4,1,4,1,'2015-12-03',1395.00,'010',0.00,0),(1205,602,250.00,250.00,'2015-11-23',191,1,1,4,1,'2015-11-30',250.00,'575',0.00,0),(1206,1435,948.00,948.00,'2015-11-23',192,7,1,4,3,'2015-12-04',948.00,'576',0.00,0),(1207,1436,388.00,388.00,'2015-11-23',193,7,1,4,2,'2015-12-04',388.00,'577',0.00,0),(1208,1437,750.00,750.00,'2015-11-23',194,2,1,4,1,'2015-12-07',750.00,'578',0.00,0),(1209,1438,1050.00,1050.00,'2015-11-23',195,2,1,4,3,'2015-11-27',1050.00,'579',0.00,0),(1210,1439,700.00,700.00,'2015-11-20',128,2,2,4,1,'2015-12-03',525.00,'739',0.00,0),(1211,1440,630.00,630.00,'2015-11-22',129,3,2,4,1,'2015-12-04',472.50,'740',0.00,0),(1212,1441,700.00,700.00,'2015-11-21',130,2,2,4,1,'2015-12-04',525.00,'741',0.00,0),(1213,1442,1150.00,1150.00,'2015-11-21',131,4,2,4,1,'2015-12-04',862.50,'742',0.00,0),(1214,1443,315.00,315.00,'2015-11-23',132,1,2,4,1,'2015-12-07',236.25,'743',0.00,0),(1215,1444,800.00,800.00,'2015-11-23',133,2,2,4,1,'2015-12-07',600.00,'744',0.00,0),(1216,1445,700.00,700.00,'2015-11-23',134,2,2,4,1,'2015-12-07',525.00,'745',0.00,0),(1217,1446,630.00,630.00,'2015-11-23',135,3,2,4,1,'2015-12-07',472.50,'746',0.00,0),(1218,1447,900.00,900.00,'2015-11-24',196,2,1,3,3,'2015-11-27',900.00,'580',0.00,0),(1219,1305,350.00,350.00,'2015-11-24',198,1,1,3,1,'2015-12-01',350.00,'582',0.00,0),(1220,556,900.00,900.00,'2015-11-24',197,2,1,3,3,'2015-11-27',900.00,'581',0.00,0),(1221,1448,600.00,600.00,'2015-09-03',493,1,4,3,3,'2015-09-11',420.00,'',0.00,0),(1222,1406,350.00,350.00,'2015-09-09',495,3,4,3,3,'2015-09-16',245.00,'',0.00,0),(1223,1394,600.00,600.00,'2015-09-19',497,1,4,3,3,'2015-09-26',420.00,'',0.00,0),(1224,1449,750.00,750.00,'2015-09-22',499,2,4,3,3,'2015-09-29',525.00,'',0.00,0),(1225,1450,1200.00,1200.00,'2015-09-19',498,2,4,3,3,'2015-09-26',840.00,'',0.00,0),(1226,1451,1500.00,1500.00,'2015-09-09',494,3,4,3,3,'2015-09-16',1050.00,'',0.00,0),(1227,1452,1250.00,1250.00,'2015-08-24',488,4,4,3,3,'2015-08-31',875.00,'34',0.00,0),(1228,1453,1900.00,1900.00,'2015-08-15',480,3,4,3,3,'2015-08-23',1330.00,'',0.00,0),(1229,1454,350.00,350.00,'2015-08-17',481,1,4,3,3,'2015-08-23',245.00,'',0.00,0),(1230,1455,1300.00,1300.00,'2015-08-19',482,2,4,3,3,'2015-08-30',910.00,'',0.00,0),(1231,1455,850.00,850.00,'2015-08-19',483,1,4,3,3,'2015-08-30',595.00,'',0.00,0),(1232,1456,750.00,750.00,'2015-08-21',484,3,4,3,3,'2015-08-31',525.00,'',0.00,0),(1233,1457,560.00,560.00,'2015-08-23',485,1,4,3,3,'2015-08-28',392.00,'',0.00,0),(1234,1452,560.00,560.00,'2015-08-23',486,1,4,3,3,'2015-08-28',392.00,'',0.00,0),(1235,1452,560.00,560.00,'2015-08-23',487,1,4,3,3,'2015-08-28',392.00,'',0.00,0),(1236,1458,750.00,750.00,'2015-08-26',489,2,4,3,3,'2015-10-05',525.00,'',0.00,0),(1237,1459,350.00,350.00,'2015-08-28',490,1,4,3,3,'2015-10-06',245.00,'',0.00,0),(1238,1406,350.00,350.00,'2015-09-28',491,1,4,3,3,'2015-10-05',245.00,'',0.00,0),(1239,1460,1800.00,1800.00,'2015-11-24',199,2,1,3,1,'2015-12-08',1800.00,'583',0.00,0),(1240,1460,600.00,600.00,'2015-11-24',200,2,1,3,1,'2015-12-08',600.00,'584',0.00,0),(1241,1330,760.00,760.00,'2015-09-18',30,1,2,3,3,'2015-09-26',570.00,'',0.00,0),(1242,1461,700.00,700.00,'2015-09-24',36,2,2,3,3,'2015-10-02',525.00,'',0.00,0),(1243,1462,1900.00,1900.00,'2015-11-24',201,3,1,3,1,'2015-12-07',1900.00,'585',0.00,0),(1244,1463,700.00,700.00,'2015-08-25',997,3,2,3,3,'2015-09-01',525.00,'',0.00,0),(1245,1464,800.00,800.00,'2015-09-16',21,2,2,3,3,'2015-09-24',600.00,'',0.00,0),(1246,1171,650.00,650.00,'2015-09-10',10,2,2,3,3,'2015-09-18',487.50,'',0.00,0),(1247,1465,700.00,700.00,'2015-09-14',17,2,2,3,3,'2015-09-21',525.00,'',0.00,0),(1248,1466,700.00,700.00,'2015-09-14',18,2,2,3,3,'2015-09-23',525.00,'',0.00,0),(1249,1467,750.00,750.00,'2015-09-10',11,2,2,3,3,'2015-09-18',562.50,'',0.00,0),(1250,1468,700.00,700.00,'2015-09-10',13,2,2,3,3,'2015-09-18',525.00,'',0.00,0),(1251,1469,1350.00,1350.00,'2015-11-24',202,2,1,3,1,'2015-12-07',1350.00,'586',0.00,0),(1252,1471,912.00,912.00,'2015-09-10',14,7,2,3,3,'2015-09-18',684.00,'',0.00,0),(1253,1472,975.00,975.00,'2015-11-24',203,7,1,3,1,'2015-12-07',975.00,'587',0.00,0),(1254,1473,2280.00,2280.00,'2015-11-24',136,7,2,3,1,'2015-12-08',1710.00,'747',0.00,0),(1255,1163,2200.00,2200.00,'2015-09-09',9,2,2,3,3,'2015-09-16',1650.00,'',0.00,0),(1256,1474,700.00,700.00,'2015-09-04',973,2,2,3,3,'2015-09-11',525.00,'',0.00,0),(1257,1119,600.00,600.00,'2015-11-25',205,2,1,3,1,'2015-12-01',600.00,'589',0.00,0),(1258,1475,1725.00,1725.00,'2015-11-25',206,2,1,3,1,'2015-12-07',1725.00,'590',0.00,0),(1259,1476,1200.00,1200.00,'2015-09-11',15,4,2,3,3,'2015-09-18',900.00,'381',0.00,0),(1260,1477,1000.00,1000.00,'2015-09-08',6,4,2,3,3,'2015-09-15',750.00,'380',0.00,0),(1261,1324,1250.00,1250.00,'2015-09-22',33,4,2,3,3,'2015-09-29',937.50,'382',0.00,0),(1262,1478,1140.00,1140.00,'2015-09-22',35,7,2,3,3,'2015-09-29',855.00,'',0.00,0),(1263,1480,1300.00,1300.00,'2015-09-18',28,2,2,3,3,'2015-09-26',975.00,'',0.00,0),(1264,1474,700.00,700.00,'2015-09-04',973,2,2,3,3,'2015-09-11',525.00,'',0.00,0),(1265,1481,380.00,380.00,'2015-08-03',998,1,2,3,3,'2015-09-10',285.00,'',0.00,0),(1266,1482,850.00,850.00,'2015-08-11',971,2,2,3,3,'2015-08-18',637.50,'',0.00,0),(1267,1483,700.00,700.00,'2015-09-07',5,2,2,3,3,'2015-09-14',525.00,'',0.00,0),(1268,1163,700.00,700.00,'2015-09-04',3,3,2,3,3,'2015-09-11',525.00,'',0.00,0),(1269,1484,700.00,700.00,'2015-09-07',4,2,2,3,3,'2015-09-14',525.00,'',0.00,0),(1270,1485,1900.00,1900.00,'2015-09-04',1,3,2,3,3,'2015-09-14',1425.00,'',0.00,0),(1271,1486,1065.00,1065.00,'2015-09-04',2,7,2,3,3,'2015-09-11',798.75,'',0.00,0),(1272,1487,2050.00,2050.00,'2015-08-26',989,2,2,3,3,'2015-09-02',1537.50,'',0.00,0),(1273,1488,700.00,700.00,'2015-09-15',19,2,2,3,3,'2015-09-13',525.00,'',0.00,0),(1274,1489,1300.00,1300.00,'2015-09-14',16,2,2,3,3,'2015-09-21',975.00,'',0.00,0),(1275,1490,1100.00,1100.00,'2015-09-21',31,3,2,3,3,'2015-09-23',825.00,'',0.00,0),(1276,1491,1900.00,1900.00,'2015-09-10',12,3,2,3,3,'2015-09-18',1425.00,'',0.00,0),(1277,841,600.00,600.00,'2015-09-16',23,2,2,3,3,'2015-09-24',450.00,'',0.00,0),(1278,1484,600.00,600.00,'2015-09-17',26,2,2,3,3,'2015-09-24',450.00,'',0.00,0),(1279,1492,650.00,650.00,'2015-09-17',24,1,2,3,3,'2015-09-23',487.50,'',0.00,0),(1280,1493,1000.00,1000.00,'2015-09-16',22,2,2,3,3,'2015-09-24',750.00,'',0.00,0),(1281,1494,750.00,750.00,'2015-08-20',980,2,2,3,3,'2015-08-28',562.50,'',0.00,0),(1282,1495,1400.00,1400.00,'2015-09-15',20,2,2,3,3,'2015-09-23',1050.00,'',0.00,0),(1283,1496,1080.00,1080.00,'2015-09-16',25,2,2,3,3,'2015-09-24',810.00,'',0.00,0),(1284,1497,600.00,600.00,'2015-11-25',207,2,1,3,1,'2015-12-01',600.00,'591',0.00,0),(1285,1498,1250.00,1250.00,'2015-07-09',963,4,2,3,3,'2015-07-17',937.50,'378',0.00,0),(1286,1500,1000.00,1000.00,'2015-08-21',985,4,2,3,3,'2015-08-28',750.00,'379',0.00,0),(1287,1501,500.00,500.00,'2015-11-25',208,2,1,3,1,'2015-12-01',500.00,'593',0.00,0),(1288,1502,600.00,600.00,'2015-11-25',204,2,1,3,1,'2015-12-07',600.00,'592',0.00,0),(1289,1503,370.00,370.00,'2015-08-26',987,3,2,3,3,'2015-09-02',277.50,'',0.00,0),(1290,1505,350.00,350.00,'2015-05-18',967,1,2,3,3,'2015-05-25',262.50,'',0.00,0),(1291,1506,800.00,800.00,'2015-06-16',992,3,2,3,3,'2015-06-23',600.00,'',0.00,0),(1292,1507,650.00,650.00,'2015-06-23',996,1,2,3,3,'2015-06-30',487.50,'',0.00,0),(1293,1508,570.00,570.00,'2015-06-27',998,7,2,3,3,'2015-07-04',427.50,'',0.00,0),(1294,1509,700.00,700.00,'2015-06-29',999,2,2,3,3,'2015-07-06',525.00,'',0.00,0),(1295,1510,380.00,380.00,'2015-06-29',0,1,2,3,3,'2015-07-06',285.00,'',0.00,0),(1296,1511,380.00,380.00,'2015-06-30',992,1,2,3,3,'2015-07-07',285.00,'',0.00,0),(1297,1512,400.00,400.00,'2015-07-01',991,3,2,3,3,'2015-07-08',300.00,'',0.00,0),(1298,1513,600.00,600.00,'2015-07-01',994,3,2,3,3,'2015-07-08',450.00,'',0.00,0),(1299,1514,600.00,600.00,'2015-07-04',994,3,2,3,3,'2015-07-11',450.00,'',0.00,0),(1300,1515,250.00,250.00,'2015-07-04',983,3,2,3,3,'2015-07-11',187.50,'',0.00,0),(1301,1516,270.00,270.00,'2015-07-07',963,1,2,3,3,'2015-07-15',202.50,'',0.00,0),(1302,1517,650.00,650.00,'2015-07-07',957,1,2,3,3,'2015-07-14',487.50,'',0.00,0),(1303,1518,270.00,270.00,'2015-07-09',977,3,2,3,3,'2015-07-17',202.50,'',0.00,0),(1304,1519,700.00,700.00,'2015-07-11',972,2,2,3,3,'2015-07-18',525.00,'',0.00,0),(1305,1520,540.00,540.00,'2015-11-25',209,3,1,3,2,'2015-12-07',540.00,'594',0.00,0),(1306,1521,700.00,700.00,'2015-11-25',210,2,1,3,1,'2015-12-01',700.00,'595',0.00,0),(1307,1522,1170.00,1170.00,'2015-11-25',211,4,1,3,1,'2015-12-07',1170.00,'11',0.00,0),(1308,1523,500.00,500.00,'2015-11-26',212,3,1,3,1,'2015-12-03',500.00,'596',0.00,0),(1309,493,320.00,320.00,'2015-11-26',213,1,1,7,1,'2015-12-02',320.00,'597',0.00,0),(1310,1524,650.00,650.00,'2015-11-26',214,2,1,7,1,'2015-12-03',650.00,'598',0.00,0),(1311,419,600.00,600.00,'2015-11-26',215,2,1,7,1,'2015-12-03',600.00,'599',0.00,0),(1312,1525,650.00,650.00,'2015-11-26',216,2,1,7,1,'2015-12-03',650.00,'600',0.00,0),(1313,1526,650.00,650.00,'2015-11-26',217,2,1,7,1,'2015-12-03',650.00,'601',0.00,0),(1314,1527,650.00,650.00,'2015-11-26',218,2,1,7,1,'2015-12-03',650.00,'603',0.00,0),(1315,603,650.00,650.00,'2015-11-26',219,2,1,7,1,'2015-12-03',650.00,'604',0.00,0),(1316,1528,650.00,650.00,'2015-11-26',220,2,1,7,1,'2015-12-03',650.00,'605',0.00,0),(1317,1528,1260.00,1260.00,'2015-11-26',220,4,1,7,1,'2015-12-09',1260.00,'12',0.00,0),(1318,1529,800.00,800.00,'2015-11-26',221,2,1,7,1,'2015-12-03',800.00,'606',0.00,0),(1319,1530,800.00,800.00,'2015-11-26',222,2,1,7,1,'2015-12-03',800.00,'607',0.00,0),(1320,1531,4370.00,4370.00,'2015-11-26',223,7,1,7,1,'2015-12-10',4370.00,'608',0.00,0),(1321,568,3800.00,0.00,'2015-11-26',224,3,1,7,1,'2015-12-03',3800.00,'609',3800.00,0),(1322,768,1650.00,0.00,'2015-11-27',227,4,1,3,1,'2015-12-10',1650.00,'13',1650.00,0),(1323,1532,700.00,700.00,'2015-11-27',139,2,2,3,1,'2015-12-08',525.00,'750',0.00,0),(1324,1533,700.00,700.00,'2015-11-27',138,2,2,3,1,'2015-12-03',525.00,'749',0.00,0),(1325,1534,700.00,700.00,'2015-11-26',137,2,2,3,1,'2015-12-07',525.00,'748',0.00,0),(1326,556,900.00,900.00,'2015-11-27',242,2,1,3,1,'2015-12-06',900.00,'630',0.00,0),(1327,1535,680.00,680.00,'2015-11-27',241,2,1,3,1,'2015-12-06',680.00,'629',0.00,0),(1328,1536,1224.00,1224.00,'2015-11-27',240,7,1,3,1,'2015-12-07',1224.00,'628',0.00,0),(1329,1537,600.00,600.00,'2015-11-27',239,1,1,3,1,'2015-12-03',600.00,'627',0.00,0),(1330,1538,350.00,350.00,'2015-11-27',238,1,1,3,1,'2015-12-03',350.00,'626',0.00,0),(1331,1539,350.00,350.00,'2015-11-27',237,1,1,3,1,'2015-12-03',350.00,'625',0.00,0),(1332,1540,750.00,750.00,'2015-11-27',236,2,1,3,1,'2015-12-05',750.00,'624',0.00,0),(1333,1541,600.00,600.00,'2015-11-27',235,2,1,3,1,'2015-12-06',600.00,'623',0.00,0),(1334,1542,420.00,420.00,'2015-11-27',234,5,1,3,1,'2015-11-30',420.00,'622',0.00,0),(1335,1543,1300.00,1300.00,'2015-11-27',233,2,1,3,1,'2015-12-05',1300.00,'618',0.00,0),(1336,1544,650.00,650.00,'2015-11-27',232,2,1,3,1,'2015-12-05',650.00,'617',0.00,0),(1337,1545,800.00,800.00,'2015-11-27',230,2,1,3,1,'2015-12-05',800.00,'615',0.00,0),(1338,1546,500.00,500.00,'2015-11-27',229,1,1,3,1,'2015-12-05',500.00,'613',0.00,0),(1339,1547,1000.00,1000.00,'2015-11-27',228,3,1,3,1,'2015-12-04',1000.00,'614',0.00,0),(1340,940,650.00,650.00,'2015-11-27',226,2,1,3,1,'2015-12-04',650.00,'611',0.00,0),(1341,1253,1300.00,1300.00,'2015-11-27',225,2,1,3,1,'2015-12-03',1300.00,'610',0.00,0),(1342,1548,1200.00,1200.00,'2015-11-27',231,2,1,3,3,'2015-11-29',1200.00,'616',0.00,0),(1343,1549,285.00,285.00,'2015-11-27',233,7,1,3,1,'2015-12-14',285.00,'620',0.00,0),(1344,1550,1400.00,0.00,'2015-11-28',243,4,1,3,1,'2015-12-08',1400.00,'14',1400.00,0),(1345,1528,1260.00,1260.00,'2015-11-26',220,4,1,3,1,'2015-12-09',1260.00,'12',0.00,0),(1346,568,3800.00,0.00,'2015-11-26',224,3,1,3,1,'2015-12-03',3800.00,'609',3800.00,0),(1347,1531,4370.00,4370.00,'2015-11-26',223,7,1,3,1,'2015-12-10',4370.00,'608',0.00,0),(1348,1530,800.00,800.00,'2015-11-26',222,2,1,3,1,'2015-12-04',800.00,'607',0.00,0),(1349,493,320.00,320.00,'2015-11-26',213,3,1,3,1,'2015-12-02',320.00,'597',0.00,0),(1350,1523,500.00,500.00,'2015-11-26',212,3,1,3,1,'2015-12-03',500.00,'596',0.00,0),(1351,1551,600.00,600.00,'2015-11-28',244,2,1,3,1,'2015-12-04',600.00,'631',0.00,0),(1352,1524,650.00,650.00,'2015-11-26',214,2,1,3,1,'2015-12-03',650.00,'598',0.00,0),(1353,419,600.00,600.00,'2015-11-26',215,2,1,3,1,'2015-12-03',600.00,'599',0.00,0),(1354,1525,650.00,650.00,'2015-11-26',216,2,1,3,1,'2015-12-03',650.00,'600',0.00,0),(1355,1526,650.00,650.00,'2015-11-26',217,2,1,3,1,'2015-12-03',650.00,'601',0.00,0),(1356,1527,650.00,650.00,'2015-11-26',218,2,1,3,1,'2015-12-03',650.00,'603',0.00,0),(1357,603,650.00,650.00,'2015-11-26',219,2,1,3,1,'2015-12-03',650.00,'604',0.00,0),(1358,1528,650.00,650.00,'2015-11-26',220,2,1,3,1,'2015-12-03',650.00,'605',0.00,0),(1359,1529,800.00,800.00,'2015-11-26',221,2,1,3,1,'2015-12-03',800.00,'606',0.00,0),(1360,1552,1000.00,1000.00,'2015-11-28',245,4,1,3,1,'2015-12-08',1000.00,'15',0.00,0),(1361,1552,650.00,650.00,'2015-11-28',246,2,1,3,1,'2015-12-04',650.00,'632',0.00,0),(1362,1553,650.00,650.00,'2015-11-28',247,2,1,3,1,'2015-12-04',650.00,'633',0.00,0),(1363,1554,900.00,900.00,'2015-11-28',248,2,1,3,1,'2015-12-02',900.00,'634',0.00,0),(1364,542,1140.00,1140.00,'2015-11-28',249,1,1,3,1,'2015-12-04',1140.00,'635',0.00,0),(1365,542,1140.00,1140.00,'2015-11-28',250,1,1,3,1,'2015-12-04',1140.00,'636',0.00,0),(1366,1555,655.00,655.00,'2015-11-28',252,7,1,3,1,'2015-12-08',655.00,'638',0.00,0),(1367,1556,228.00,228.00,'2015-11-28',251,7,1,3,1,'2015-12-08',228.00,'637',0.00,0),(1368,1557,750.00,750.00,'2015-11-21',55,2,3,3,1,'2015-12-03',525.00,'904',0.00,0),(1369,1558,750.00,750.00,'2015-11-24',59,2,3,3,1,'2015-12-03',525.00,'908',0.00,0),(1370,1559,1046.00,1046.00,'2015-11-23',58,7,1,3,1,'2015-12-07',1046.00,'907',0.00,0),(1371,1559,1046.00,1046.00,'2015-11-23',57,7,1,3,1,'2015-12-07',1046.00,'906',0.00,0),(1372,1559,729.00,729.00,'2015-11-23',56,7,1,3,1,'2015-12-07',729.00,'905',0.00,0),(1373,1560,600.00,600.00,'2015-11-28',257,3,1,3,1,'2015-12-08',600.00,'641',0.00,0),(1374,1561,650.00,650.00,'2015-11-28',260,2,1,3,1,'2015-12-04',650.00,'643',0.00,0),(1375,1562,600.00,600.00,'2015-11-28',258,2,1,3,1,'2015-12-08',600.00,'642',0.00,0),(1376,1563,1300.00,1300.00,'2015-11-28',259,4,1,3,1,'2015-12-08',1300.00,'18',0.00,0),(1377,1564,1250.00,1250.00,'2015-11-28',253,4,1,3,1,'2015-12-08',1250.00,'16',0.00,0),(1378,1565,1400.00,1400.00,'2015-11-28',254,4,1,3,1,'2015-12-08',1400.00,'17',0.00,0),(1379,1566,650.00,650.00,'2015-11-28',255,2,1,3,1,'2015-12-08',650.00,'639',0.00,0),(1380,1560,1662.00,1662.00,'2015-11-28',256,7,1,3,1,'2015-12-08',1662.00,'640',0.00,0),(1381,1567,650.00,650.00,'2015-11-28',263,2,1,3,1,'2015-12-04',650.00,'646',0.00,0),(1382,1567,600.00,600.00,'2015-11-28',264,3,1,3,1,'2015-12-08',600.00,'647',0.00,0),(1383,1568,750.00,750.00,'2015-11-28',262,2,1,3,1,'2015-12-08',750.00,'645',0.00,0),(1384,1569,600.00,600.00,'2015-11-28',261,2,1,3,1,'2015-12-04',600.00,'644',0.00,0),(1385,1406,640.00,640.00,'2015-11-28',199,5,4,3,1,'2015-12-05',448.00,'812',0.00,0),(1386,1570,750.00,750.00,'2015-11-28',198,2,4,3,1,'2015-12-05',525.00,'811',0.00,0),(1387,1571,650.00,650.00,'2015-11-22',197,2,4,3,1,'2015-12-04',455.00,'810',0.00,0),(1388,1572,500.00,500.00,'2015-11-22',196,2,4,3,1,'2015-12-04',350.00,'809',0.00,0),(1389,1573,650.00,650.00,'2015-11-29',266,2,1,3,1,'2015-12-08',650.00,'649',0.00,0),(1390,1574,800.00,800.00,'2015-11-29',265,2,1,3,1,'2015-12-04',800.00,'648',0.00,0),(1391,1575,750.00,750.00,'2015-11-29',268,2,1,3,1,'2015-12-09',750.00,'651',0.00,0),(1392,1576,1350.00,1350.00,'2015-11-29',267,2,1,3,1,'2015-12-09',1350.00,'650',0.00,0),(1393,1577,600.00,600.00,'2015-11-29',269,2,1,3,1,'2015-12-09',600.00,'652',0.00,0),(1394,1578,750.00,750.00,'2015-11-29',270,2,1,3,1,'2015-12-09',750.00,'653',0.00,0),(1395,340,900.00,0.00,'2015-12-18',22222222,1,1,1,1,'2015-12-15',900.00,'111111',900.00,0),(1396,340,900.00,0.00,'2015-12-18',22222222,1,1,1,1,'2015-12-15',900.00,'111111',900.00,0),(1401,358,8000.00,600.00,'2016-02-09',123,4,2,1,1,'2016-02-10',6000.00,'123',7400.00,0),(1402,400,600.00,700.00,'2016-02-03',123,1,1,1,1,'2016-03-03',600.00,'123',-100.00,0),(1403,358,8990.00,100.00,'2016-02-02',7000,4,1,1,1,'2016-02-25',8990.00,'123',8890.00,0),(1404,358,900.00,700.00,'2016-02-09',123,7,1,1,1,'2016-02-16',900.00,'1239',200.00,0),(1405,358,900.00,700.00,'2016-02-09',7778,7,1,1,1,'2016-02-16',900.00,'1239',200.00,0),(1406,340,800.00,2333.00,'2016-02-10',89,4,1,1,4,'2016-02-09',800.00,'700',-1533.00,10),(1407,400,900.00,88.00,'2016-03-02',123,1,1,1,1,'2016-03-19',900.00,'123',812.00,0),(1408,400,900.00,88.00,'2016-03-02',123,1,1,1,1,'2016-03-19',900.00,'123',812.00,0),(1409,400,900.00,88.00,'2016-03-02',123,1,1,1,4,'2016-03-19',900.00,'123',812.00,1),(1410,400,900.00,88.00,'2016-03-02',123,1,1,1,1,'2016-03-19',900.00,'123',812.00,0),(1411,686,123.00,132.00,'2016-03-01',123,1,1,1,1,'2016-03-01',123.00,'123',-9.00,0),(1412,686,123.00,132.00,'2016-03-01',123,1,1,1,1,'2016-03-01',123.00,'123',-9.00,0);

/*Table structure for table `point` */

DROP TABLE IF EXISTS `point`;

CREATE TABLE `point` (
  `id` int(11) NOT NULL AUTO_INCREMENT,
  `label` varchar(255) DEFAULT NULL,
  `discount` int(11) NOT NULL,
  PRIMARY KEY (`id`)
) ENGINE=InnoDB AUTO_INCREMENT=5 DEFAULT CHARSET=utf8;

/*Data for the table `point` */

insert  into `point`(`id`,`label`,`discount`) values (1,'Промагро основной',0),(2,'Дружба Старый Оскол',25),(3,'Княжна Губкин',30),(4,'Чернянка',30);

/*Table structure for table `status` */

DROP TABLE IF EXISTS `status`;

CREATE TABLE `status` (
  `id` int(11) NOT NULL AUTO_INCREMENT,
  `label` varchar(255) DEFAULT NULL,
  PRIMARY KEY (`id`)
) ENGINE=InnoDB AUTO_INCREMENT=5 DEFAULT CHARSET=utf8;

/*Data for the table `status` */

insert  into `status`(`id`,`label`) values (1,'Вещь в цеху'),(2,'Вещь на выдаче'),(3,'Завершено'),(4,'Перечистка');

/*Table structure for table `tasks` */

DROP TABLE IF EXISTS `tasks`;

CREATE TABLE `tasks` (
  `id` int(11) NOT NULL AUTO_INCREMENT,
  `title` varchar(255) NOT NULL,
  `message` text NOT NULL,
  `type` int(11) DEFAULT NULL,
  `status` int(11) DEFAULT NULL,
  `date` date DEFAULT NULL,
  PRIMARY KEY (`id`)
) ENGINE=InnoDB AUTO_INCREMENT=19 DEFAULT CHARSET=utf8;

/*Data for the table `tasks` */

insert  into `tasks`(`id`,`title`,`message`,`type`,`status`,`date`) values (2,'Полностью заполнить Октябрь','Полностью ввести всех клиентов в октябре, включая Княжну, Евгения и Чернянку.',2,0,'2015-11-12'),(16,'ковры','В понедельник собеседование по приёму на работу по чистке ковров (мужчина)',0,0,'2015-11-22'),(17,'Приемный пункт - Дружба','Мы не будем делать Евгению вывеску Жемчужины. Пусть работает под другим брэндом. Слишком много недостатков в его приемке.',0,0,'2015-11-22'),(18,'Общая почта Химчистки(для Администраторов)','Почта для администраторов - заходим на mail.ru\r\nПочта - info@oskolclean.ru\r\nПароль - zhemchugina',0,0,'2015-11-25');

/*Table structure for table `ticket1` */

DROP TABLE IF EXISTS `ticket1`;

CREATE TABLE `ticket1` (
  `id` int(11) NOT NULL AUTO_INCREMENT,
  `orderId` int(11) NOT NULL,
  `contract` varchar(255) NOT NULL,
  `mark` varchar(255) NOT NULL,
  `clientId` int(11) DEFAULT NULL,
  `address` varchar(255) NOT NULL,
  `phone` varchar(255) NOT NULL,
  `description` varchar(255) NOT NULL,
  `cb1` tinyint(1) DEFAULT NULL,
  `cb2` tinyint(1) DEFAULT NULL,
  `cb3` tinyint(1) DEFAULT NULL,
  `cb4` tinyint(1) DEFAULT NULL,
  `param1` varchar(255) NOT NULL,
  `cb5` tinyint(1) DEFAULT NULL,
  `cb6` tinyint(1) DEFAULT NULL,
  `cb7` tinyint(1) DEFAULT NULL,
  `cb8` tinyint(1) DEFAULT NULL,
  `cb9` tinyint(1) DEFAULT NULL,
  `cb10` tinyint(1) DEFAULT NULL,
  `cb11` tinyint(1) DEFAULT NULL,
  `cb12` tinyint(1) DEFAULT NULL,
  `cb13` tinyint(1) DEFAULT NULL,
  `cb14` tinyint(1) DEFAULT NULL,
  `cb15` tinyint(1) DEFAULT NULL,
  `cb16` tinyint(1) DEFAULT NULL,
  `cb17` tinyint(1) DEFAULT NULL,
  `cb18` tinyint(1) DEFAULT NULL,
  `cb19` tinyint(1) DEFAULT NULL,
  `cb20` tinyint(1) DEFAULT NULL,
  `cb21` tinyint(1) DEFAULT NULL,
  `cb22` tinyint(1) DEFAULT NULL,
  `cb23` tinyint(1) DEFAULT NULL,
  `cb24` tinyint(1) DEFAULT NULL,
  `cb25` tinyint(1) DEFAULT NULL,
  `cb26` tinyint(1) DEFAULT NULL,
  `cb27` tinyint(1) DEFAULT NULL,
  `cb28` tinyint(1) DEFAULT NULL,
  `cb29` tinyint(1) DEFAULT NULL,
  `cb30` tinyint(1) DEFAULT NULL,
  `cb31` tinyint(1) DEFAULT NULL,
  `cb32` tinyint(1) DEFAULT NULL,
  `cb33` tinyint(1) DEFAULT NULL,
  `cb34` tinyint(1) DEFAULT NULL,
  `cb35` tinyint(1) DEFAULT NULL,
  `cb36` tinyint(1) DEFAULT NULL,
  `cb37` tinyint(1) DEFAULT NULL,
  `cb38` tinyint(1) DEFAULT NULL,
  `cb39` tinyint(1) DEFAULT NULL,
  `cb40` tinyint(1) DEFAULT NULL,
  `cb41` tinyint(1) DEFAULT NULL,
  `cb42` tinyint(1) DEFAULT NULL,
  `cb43` tinyint(1) DEFAULT NULL,
  `cb44` tinyint(1) DEFAULT NULL,
  `cb45` tinyint(1) DEFAULT NULL,
  `cb46` tinyint(1) DEFAULT NULL,
  `cb47` tinyint(1) DEFAULT NULL,
  `cb48` tinyint(1) DEFAULT NULL,
  `cb49` tinyint(1) DEFAULT NULL,
  `cb50` tinyint(1) DEFAULT NULL,
  `cb51` tinyint(1) DEFAULT NULL,
  `param2` varchar(255) NOT NULL,
  `cb52` tinyint(1) DEFAULT NULL,
  `cb53` tinyint(1) DEFAULT NULL,
  `cb54` tinyint(1) DEFAULT NULL,
  `cb55` tinyint(1) DEFAULT NULL,
  `cb56` tinyint(1) DEFAULT NULL,
  `cb57` tinyint(1) DEFAULT NULL,
  `param3` varchar(255) NOT NULL,
  `param4` varchar(255) NOT NULL,
  `cb58` tinyint(1) DEFAULT NULL,
  `cb59` tinyint(1) DEFAULT NULL,
  `cb60` tinyint(1) DEFAULT NULL,
  `cb61` tinyint(1) DEFAULT NULL,
  `cb62` tinyint(1) DEFAULT NULL,
  `cb63` tinyint(1) DEFAULT NULL,
  `cb64` tinyint(1) DEFAULT NULL,
  `cb65` tinyint(1) DEFAULT NULL,
  `param5` varchar(255) NOT NULL,
  `cost` decimal(10,2) NOT NULL,
  PRIMARY KEY (`id`)
) ENGINE=InnoDB AUTO_INCREMENT=5 DEFAULT CHARSET=utf8;

/*Data for the table `ticket1` */

insert  into `ticket1`(`id`,`orderId`,`contract`,`mark`,`clientId`,`address`,`phone`,`description`,`cb1`,`cb2`,`cb3`,`cb4`,`param1`,`cb5`,`cb6`,`cb7`,`cb8`,`cb9`,`cb10`,`cb11`,`cb12`,`cb13`,`cb14`,`cb15`,`cb16`,`cb17`,`cb18`,`cb19`,`cb20`,`cb21`,`cb22`,`cb23`,`cb24`,`cb25`,`cb26`,`cb27`,`cb28`,`cb29`,`cb30`,`cb31`,`cb32`,`cb33`,`cb34`,`cb35`,`cb36`,`cb37`,`cb38`,`cb39`,`cb40`,`cb41`,`cb42`,`cb43`,`cb44`,`cb45`,`cb46`,`cb47`,`cb48`,`cb49`,`cb50`,`cb51`,`param2`,`cb52`,`cb53`,`cb54`,`cb55`,`cb56`,`cb57`,`param3`,`param4`,`cb58`,`cb59`,`cb60`,`cb61`,`cb62`,`cb63`,`cb64`,`cb65`,`param5`,`cost`) values (2,1401,'123','',358,'','+7 (910) 322-32-85','',NULL,NULL,NULL,NULL,'',NULL,NULL,NULL,NULL,NULL,NULL,NULL,NULL,NULL,NULL,NULL,NULL,NULL,NULL,NULL,NULL,NULL,NULL,NULL,NULL,NULL,NULL,NULL,NULL,NULL,NULL,NULL,NULL,NULL,NULL,NULL,NULL,NULL,NULL,NULL,NULL,NULL,NULL,NULL,NULL,NULL,NULL,NULL,NULL,NULL,NULL,NULL,'',NULL,NULL,NULL,NULL,NULL,NULL,'','',NULL,NULL,NULL,NULL,NULL,NULL,NULL,NULL,'',8000.00),(3,1403,'123','',358,'','+7 (910) 322-32-85','',NULL,NULL,NULL,NULL,'',NULL,NULL,NULL,NULL,NULL,NULL,NULL,NULL,NULL,NULL,NULL,NULL,NULL,NULL,NULL,NULL,NULL,NULL,NULL,NULL,NULL,NULL,NULL,NULL,NULL,NULL,NULL,NULL,NULL,NULL,NULL,NULL,NULL,NULL,NULL,NULL,NULL,NULL,NULL,NULL,NULL,NULL,NULL,NULL,NULL,NULL,NULL,'',NULL,NULL,NULL,NULL,NULL,NULL,'','',NULL,NULL,NULL,NULL,NULL,NULL,NULL,NULL,'',8990.00),(4,1406,'','',340,'','','',NULL,NULL,NULL,NULL,'',NULL,NULL,NULL,NULL,NULL,NULL,NULL,NULL,NULL,NULL,NULL,NULL,NULL,NULL,NULL,NULL,NULL,NULL,NULL,NULL,NULL,NULL,NULL,NULL,NULL,NULL,NULL,NULL,NULL,NULL,NULL,NULL,NULL,NULL,NULL,NULL,NULL,NULL,NULL,NULL,NULL,NULL,NULL,NULL,NULL,NULL,NULL,'',NULL,NULL,NULL,NULL,NULL,NULL,'','',NULL,NULL,NULL,NULL,NULL,NULL,NULL,NULL,'',0.00);

/*Table structure for table `ticket2` */

DROP TABLE IF EXISTS `ticket2`;

CREATE TABLE `ticket2` (
  `id` int(11) NOT NULL AUTO_INCREMENT,
  `orderId` int(11) NOT NULL,
  `contract` varchar(255) NOT NULL,
  `mark` varchar(255) NOT NULL,
  `clientId` int(11) DEFAULT NULL,
  `address` varchar(255) NOT NULL,
  `phone` varchar(255) NOT NULL,
  `description` varchar(255) NOT NULL,
  `cb1` tinyint(1) DEFAULT NULL,
  `cb2` tinyint(1) DEFAULT NULL,
  `cb3` tinyint(1) DEFAULT NULL,
  `cb4` tinyint(1) DEFAULT NULL,
  `cb5` tinyint(1) DEFAULT NULL,
  `cb6` tinyint(1) DEFAULT NULL,
  `cb7` tinyint(1) DEFAULT NULL,
  `cb8` tinyint(1) DEFAULT NULL,
  `cb9` tinyint(1) DEFAULT NULL,
  `cb10` tinyint(1) DEFAULT NULL,
  `cb11` tinyint(1) DEFAULT NULL,
  `cb12` tinyint(1) DEFAULT NULL,
  `cb13` tinyint(1) DEFAULT NULL,
  `cb14` tinyint(1) DEFAULT NULL,
  `param1` varchar(255) NOT NULL,
  `param2` int(3) DEFAULT NULL,
  `param3` varchar(255) DEFAULT NULL,
  `cost` decimal(10,2) NOT NULL,
  PRIMARY KEY (`id`)
) ENGINE=InnoDB AUTO_INCREMENT=2 DEFAULT CHARSET=utf8;

/*Data for the table `ticket2` */

insert  into `ticket2`(`id`,`orderId`,`contract`,`mark`,`clientId`,`address`,`phone`,`description`,`cb1`,`cb2`,`cb3`,`cb4`,`cb5`,`cb6`,`cb7`,`cb8`,`cb9`,`cb10`,`cb11`,`cb12`,`cb13`,`cb14`,`param1`,`param2`,`param3`,`cost`) values (1,1405,'','',358,'','','',NULL,NULL,NULL,NULL,NULL,NULL,NULL,NULL,NULL,NULL,NULL,NULL,NULL,NULL,'',NULL,NULL,0.00);

/*Table structure for table `type` */

DROP TABLE IF EXISTS `type`;

CREATE TABLE `type` (
  `id` int(11) NOT NULL AUTO_INCREMENT,
  `label` varchar(255) DEFAULT NULL,
  PRIMARY KEY (`id`)
) ENGINE=InnoDB AUTO_INCREMENT=9 DEFAULT CHARSET=utf8;

/*Data for the table `type` */

insert  into `type`(`id`,`label`) values (1,'Костюмная группа'),(2,'Пальтовая группа'),(3,'Текстильная группа'),(4,'Чистка кожи и меха'),(5,'Подушки и одеяла'),(6,'Покраска кожи'),(7,'Чистка Ковров'),(8,'Чистка мебели');

/*Table structure for table `user` */

DROP TABLE IF EXISTS `user`;

CREATE TABLE `user` (
  `id` int(11) NOT NULL AUTO_INCREMENT,
  `username` varchar(255) COLLATE utf8_unicode_ci NOT NULL,
  `auth_key` varchar(32) COLLATE utf8_unicode_ci NOT NULL,
  `password_hash` varchar(255) COLLATE utf8_unicode_ci NOT NULL,
  `password_reset_token` varchar(255) COLLATE utf8_unicode_ci DEFAULT NULL,
  `email` varchar(255) COLLATE utf8_unicode_ci NOT NULL,
  `status` smallint(6) NOT NULL DEFAULT '10',
  `created_at` int(11) NOT NULL,
  `updated_at` int(11) NOT NULL,
  `role` varchar(255) COLLATE utf8_unicode_ci NOT NULL,
  `fullUsername` varchar(255) COLLATE utf8_unicode_ci NOT NULL,
  `companyId` int(11) DEFAULT NULL,
  `managerId` int(11) DEFAULT NULL,
  `access` int(11) DEFAULT NULL,
  `name` varchar(255) COLLATE utf8_unicode_ci DEFAULT NULL,
  PRIMARY KEY (`id`),
  UNIQUE KEY `username` (`username`),
  UNIQUE KEY `email` (`email`),
  UNIQUE KEY `password_reset_token` (`password_reset_token`)
) ENGINE=InnoDB AUTO_INCREMENT=23 DEFAULT CHARSET=utf8 COLLATE=utf8_unicode_ci;

/*Data for the table `user` */

insert  into `user`(`id`,`username`,`auth_key`,`password_hash`,`password_reset_token`,`email`,`status`,`created_at`,`updated_at`,`role`,`fullUsername`,`companyId`,`managerId`,`access`,`name`) values (1,'admin@','Z53X-rw_-gsUwUKqB-69oigUMS_Ku6Ks','$2y$13$WLmBJmdTnv6pbt7JHdViEum1LFgtS6/sMNO3MAae7fJOT.sWC0vKK',NULL,'admin@',10,1445343845,1445365045,'Администратор','Администратор',NULL,1,100,NULL),(18,'Nadia','RTer-z1TBmlbXZNNnBXe28eQgQJ_BjuC','$2y$13$4WpNwR0Ju4Rz3LAvISLTm.HDu8LVIQlDE.ao7bKuehI1eFDbjwO0u',NULL,'Nadia',10,1446307983,1446307983,'Менеджер','Надежда',NULL,3,10,NULL),(19,'Natalia','GpM51y3E0pKcnxjr8MO7UZMntQYva_LE','$2y$13$2vRd.k3lwgsvV3N7mTAnYOIHoYjD4UTdvKfbgKqcb2XOuuEoHr8iC',NULL,'Natalia',10,1446457595,1446457595,'Менеджер','Наталья',NULL,4,10,NULL),(20,'test','2VnEVHlc9MMKLq7oWenrQCPMSCLH3aAn','$2y$13$VsON.5cu8TEg0eHbhLHUnOwR1gn5Vry9IiR8blx1lFxjITtXnqZzm',NULL,'test',10,1446467040,1446467040,'Менеджер','Тест',NULL,5,10,NULL),(21,'oskolclean','6hhQmYrLaNKbrpepp2NzV7k8fjd2fb9-','$2y$13$8/dfQcag.yc76tWZLJG4vOVxVlHwGGJXTfGX8s5K/NTeKp5AljZ/a',NULL,'oskolclean',10,1447936122,1447936122,'Администратор','Татьяна Вячеславовна',NULL,6,100,NULL),(22,'Pasha','sY_0EF5xfy9p65KfcSzKweLsYTcGZPEY','$2y$13$zVRF0t0Rzv8FNJ3MVafLWe1VejqVTO5wVbTRrcwIfMLdnyN3syvEO',NULL,'Pasha',10,1448111639,1448111646,'Администратор','Паша',NULL,7,100,NULL);

/*!40101 SET SQL_MODE=@OLD_SQL_MODE */;
/*!40014 SET FOREIGN_KEY_CHECKS=@OLD_FOREIGN_KEY_CHECKS */;
/*!40014 SET UNIQUE_CHECKS=@OLD_UNIQUE_CHECKS */;
/*!40111 SET SQL_NOTES=@OLD_SQL_NOTES */;
